StateCode,Sex,YearOfBirth,Name,Number
WY,M,1997,Hayden,8
WY,M,1997,Ian,8
WY,M,1997,Johnathan,8
WY,M,1997,Kenneth,8
WY,M,1997,Riley,8
WY,M,1997,Scott,8
WY,M,1997,Trey,8
WY,M,1997,Blake,7
WY,M,1997,Carter,7
WY,M,1997,Charles,7
WY,M,1997,Gage,7
WY,M,1997,Isaiah,7
WY,M,1997,Marshall,7
WY,M,1997,Parker,7
WY,M,1997,Seth,7
WY,M,1997,Shawn,7
WY,M,1997,Stephen,7
WY,M,1997,Adrian,6
WY,M,1997,Bailey,6
WY,M,1997,Brendan,6
WY,M,1997,Bryan,6
WY,M,1997,Cory,6
WY,M,1997,Donald,6
WY,M,1997,Jeffrey,6
WY,M,1997,Jerry,6
WY,M,1997,Joel,6
WY,M,1997,Jose,6
WY,M,1997,Juan,6
WY,M,1997,Keaton,6
WY,M,1997,Keegan,6
WY,M,1997,Kevin,6
WY,M,1997,Kody,6
WY,M,1997,Kolten,6
WY,M,1997,Kyler,6
WY,M,1997,Micheal,6
WY,M,1997,Phillip,6
WY,M,1997,Spencer,6
WY,M,1997,Travis,6
WY,M,1997,Tristen,6
WY,M,1997,Zachariah,6
WY,M,1997,Braydon,5
WY,M,1997,Caden,5
WY,M,1997,Darian,5
WY,M,1997,Duncan,5
WY,M,1997,Gavin,5
WY,M,1997,George,5
WY,M,1997,Jeremy,5
WY,M,1997,Keenan,5
WY,M,1997,Kristopher,5
WY,M,1997,Luis,5
WY,M,1997,Morgan,5
WY,M,1997,Preston,5
WY,M,1997,Richard,5
WY,M,1997,Shane,5
WY,M,1997,Simon,5
WY,M,1998,Austin,55
WY,M,1998,Jacob,49
WY,M,1998,Matthew,47
WY,M,1998,Michael,46
WY,M,1998,Tyler,44
WY,M,1998,Christopher,37
WY,M,1998,William,35
WY,M,1998,Dylan,34
WY,M,1998,Brandon,30
WY,M,1998,Anthony,29
WY,M,1998,James,29
WY,M,1998,Andrew,28
WY,M,1998,Cody,28
WY,M,1998,Joshua,28
WY,M,1998,Kyle,28
WY,M,1998,Trevor,28
WY,M,1998,Joseph,26
WY,M,1998,Nicholas,26
WY,M,1998,Hunter,25
WY,M,1998,Thomas,25
WY,M,1998,Caleb,23
WY,M,1998,Logan,23
WY,M,1998,Ryan,23
WY,M,1998,Taylor,23
WY,M,1998,Zachary,23
WY,M,1998,Ethan,21
WY,M,1998,John,21
WY,M,1998,Tanner,21
WY,M,1998,Daniel,20
WY,M,1998,David,20
WY,M,1998,Samuel,20
WY,M,1998,Alexander,18
WY,M,1998,Justin,18
WY,M,1998,Steven,18
WY,M,1998,Robert,16
WY,M,1998,Tristan,16
WY,M,1998,Benjamin,15
WY,M,1998,Chase,15
WY,M,1998,Christian,15
WY,M,1998,Colton,15
WY,M,1998,Dalton,15
WY,M,1998,Garrett,15
WY,M,1998,Jared,15
WY,M,1998,Lane,15
WY,M,1998,Nathaniel,15
WY,M,1998,Aaron,14
WY,M,1998,Ian,14
WY,M,1998,Jonathan,14
WY,M,1998,Riley,14
WY,M,1998,Cameron,13
WY,M,1998,Dakota,13
WY,M,1998,Elijah,13
WY,M,1998,Gabriel,13
WY,M,1998,Mason,13
WY,M,1998,Noah,13
WY,M,1998,Sean,13
WY,M,1998,Timothy,13
WY,M,1998,Trey,13
WY,M,1998,Blake,12
WY,M,1998,Cole,12
WY,M,1998,Connor,12
WY,M,1998,Nathan,12
WY,M,1998,Dawson,11
WY,M,1998,Isaac,11
WY,M,1998,Jack,11
WY,M,1998,Jordan,11
WY,M,1998,Seth,11
WY,M,1998,Spencer,11
WY,M,1998,Wyatt,11
WY,M,1998,Casey,10
WY,M,1998,Colter,10
WY,M,1998,Dominic,10
WY,M,1998,Dustin,10
WY,M,1998,Adam,9
WY,M,1998,Brenden,9
WY,M,1998,Bryce,9
WY,M,1998,Chance,9
WY,M,1998,Charles,9
WY,M,1998,Eric,9
WY,M,1998,Jason,9
WY,M,1998,Kenneth,9
WY,M,1998,Landon,9
WY,M,1998,Brady,8
WY,M,1998,Brayden,8
WY,M,1998,Gage,8
WY,M,1998,Gavin,8
WY,M,1998,Jeremy,8
WY,M,1998,Kaden,8
WY,M,1998,Marcus,8
WY,M,1998,Patrick,8
WY,M,1998,Trenton,8
WY,M,1998,Alex,7
WY,M,1998,Braden,7
WY,M,1998,Clayton,7
WY,M,1998,Dillon,7
WY,M,1998,Drew,7
WY,M,1998,Jace,7
WY,M,1998,Jesse,7
WY,M,1998,Jose,7
WY,M,1998,Luke,7
WY,M,1998,Richard,7
WY,M,1998,Skyler,7
WY,M,1998,Bailey,6
WY,M,1998,Evan,6
WY,M,1998,Hayden,6
WY,M,1998,Isaiah,6
WY,M,1998,Kaleb,6
WY,M,1998,Kevin,6
WY,M,1998,Kristopher,6
WY,M,1998,Mark,6
WY,M,1998,Shawn,6
WY,M,1998,Travis,6
WY,M,1998,Tucker,6
WY,M,1998,Tyson,6
WY,M,1998,Adrian,5
WY,M,1998,Aidan,5
WY,M,1998,Brett,5
WY,M,1998,Brian,5
WY,M,1998,Colby,5
WY,M,1998,Conner,5
WY,M,1998,Corbin,5
WY,M,1998,Corey,5
WY,M,1998,Coy,5
WY,M,1998,Derek,5
WY,M,1998,Devin,5
WY,M,1998,Devon,5
WY,M,1998,Jackson,5
WY,M,1998,Jayden,5
WY,M,1998,Jeremiah,5
WY,M,1998,Johnathan,5
WY,M,1998,Josiah,5
WY,M,1998,Kobe,5
WY,M,1998,Kyler,5
WY,M,1998,Levi,5
WY,M,1998,Mitchell,5
WY,M,1998,Nathanial,5
WY,M,1998,Paul,5
WY,M,1998,Preston,5
WY,M,1998,Reece,5
WY,M,1998,Russell,5
WY,M,1998,Scott,5
WY,M,1998,Shane,5
WY,M,1998,Tristin,5
WY,M,1998,Victor,5
WY,M,1999,Michael,52
WY,M,1999,Austin,45
WY,M,1999,Tyler,44
WY,M,1999,Joshua,43
WY,M,1999,Jacob,40
WY,M,1999,Ryan,33
WY,M,1999,Cody,29
WY,M,1999,James,29
WY,M,1999,Matthew,29
WY,M,1999,William,29
WY,M,1999,Zachary,29
WY,M,1999,Aaron,27
WY,M,1999,Andrew,27
WY,M,1999,Brandon,27
WY,M,1999,Nathan,27
WY,M,1999,Ethan,25
WY,M,1999,Justin,25
WY,M,1999,Benjamin,23
WY,M,1999,Dylan,23
WY,M,1999,Joseph,23
WY,M,1999,Kyle,23
WY,M,1999,Cameron,22
WY,M,1999,Garrett,21
WY,M,1999,Hunter,21
WY,M,1999,John,21
WY,M,1999,Jordan,21
WY,M,1999,Wyatt,21
WY,M,1999,Anthony,19
WY,M,1999,Christopher,19
WY,M,1999,Logan,19
WY,M,1999,Samuel,19
WY,M,1999,Tristan,19
WY,M,1999,Daniel,18
WY,M,1999,Seth,18
WY,M,1999,Alexander,17
WY,M,1999,Brayden,17
WY,M,1999,Dawson,17
WY,M,1999,Jonathan,17
WY,M,1999,Tanner,17
WY,M,1999,Dalton,16
WY,M,1999,David,16
WY,M,1999,Noah,16
WY,M,1999,Caleb,15
WY,M,1999,Nicholas,15
WY,M,1999,Devin,14
WY,M,1999,Gabriel,14
WY,M,1999,Isaac,14
WY,M,1999,Robert,14
WY,M,1999,Trevor,14
WY,M,1999,Cole,13
WY,M,1999,Dakota,13
WY,M,1999,Christian,12
WY,M,1999,Evan,12
WY,M,1999,Riley,12
WY,M,1999,Sean,12
WY,M,1999,Charles,11
WY,M,1999,Chase,11
WY,M,1999,Connor,11
WY,M,1999,Hayden,11
WY,M,1999,Isaiah,11
WY,M,1999,Jackson,11
WY,M,1999,Jeremy,11
WY,M,1999,Jesse,11
WY,M,1999,Lucas,11
WY,M,1999,Thomas,11
WY,M,1999,Bradley,10
WY,M,1999,Bryce,10
WY,M,1999,Carlos,10
WY,M,1999,Devon,10
WY,M,1999,Shawn,10
WY,M,1999,Timothy,10
WY,M,1999,Brett,9
WY,M,1999,Bryan,9
WY,M,1999,Colton,9
WY,M,1999,Jeremiah,9
WY,M,1999,Patrick,9
WY,M,1999,Taylor,9
WY,M,1999,Trenton,9
WY,M,1999,Ty,9
WY,M,1999,Colby,8
WY,M,1999,Cooper,8
WY,M,1999,Gavin,8
WY,M,1999,Gregory,8
WY,M,1999,Jack,8
WY,M,1999,Kaleb,8
WY,M,1999,Levi,8
WY,M,1999,Luke,8
WY,M,1999,Mason,8
WY,M,1999,Nathaniel,8
WY,M,1999,Scott,8
WY,M,1999,Skyler,8
WY,M,1999,Steven,8
WY,M,1999,Travis,8
WY,M,1999,Trey,8
WY,M,1999,Brady,7
WY,M,1999,Brendan,7
WY,M,1999,Brian,7
WY,M,1999,Chance,7
WY,M,1999,Chandler,7
WY,M,1999,Dominic,7
WY,M,1999,Eric,7
WY,M,1999,Jared,7
WY,M,1999,Kade,7
WY,M,1999,Parker,7
WY,M,1999,Spencer,7
WY,M,1999,Adam,6
WY,M,1999,Bailey,6
WY,M,1999,Braydon,6
WY,M,1999,Dillon,6
WY,M,1999,Eli,6
WY,M,1999,Ian,6
WY,M,1999,Jason,6
WY,M,1999,Kaden,6
WY,M,1999,Kenneth,6
WY,M,1999,Liam,6
WY,M,1999,Maxwell,6
WY,M,1999,Payton,6
WY,M,1999,Richard,6
WY,M,1999,Troy,6
WY,M,1999,Weston,6
WY,M,1999,Zane,6
WY,M,1999,Adrian,5
WY,M,1999,Alex,5
WY,M,1999,Blake,5
WY,M,1999,Braden,5
WY,M,1999,Braxton,5
WY,M,1999,Brendon,5
WY,M,1999,Caden,5
WY,M,1999,Dustin,5
WY,M,1999,Elijah,5
WY,M,1999,Gage,5
WY,M,1999,Jaden,5
WY,M,1999,Jaxon,5
WY,M,1999,Johnathan,5
WY,M,1999,Kyler,5
WY,M,1999,Landon,5
WY,M,1999,Marcus,5
WY,M,1999,Morgan,5
WY,M,1999,Nicolas,5
WY,M,1999,Paul,5
WY,M,1999,Quinn,5
WY,M,1999,Tristen,5
WY,M,1999,Triston,5
WY,M,1999,Zackary,5
WY,M,2000,Jacob,49
WY,M,2000,Ethan,36
WY,M,2000,Michael,36
WY,M,2000,Matthew,33
WY,M,2000,Hunter,32
WY,M,2000,Tyler,32
WY,M,2000,Zachary,32
WY,M,2000,Austin,30
WY,M,2000,Joshua,30
WY,M,2000,Nicholas,30
WY,M,2000,Andrew,29
WY,M,2000,David,28
WY,M,2000,Joseph,27
WY,M,2000,Justin,26
WY,M,2000,Benjamin,25
WY,M,2000,Christopher,25
WY,M,2000,Ryan,25
WY,M,2000,William,25
WY,M,2000,Daniel,24
WY,M,2000,Dylan,23
WY,M,2000,Brandon,22
WY,M,2000,James,22
WY,M,2000,Cameron,21
WY,M,2000,John,21
WY,M,2000,Caleb,20
WY,M,2000,Chase,20
WY,M,2000,Dalton,20
WY,M,2000,Samuel,20
WY,M,2000,Logan,19
WY,M,2000,Thomas,19
WY,M,2000,Wyatt,19
WY,M,2000,Isaac,18
WY,M,2000,Noah,17
WY,M,2000,Anthony,16
WY,M,2000,Hayden,16
WY,M,2000,Jared,16
WY,M,2000,Nathan,16
WY,M,2000,Nathaniel,16
WY,M,2000,Robert,16
WY,M,2000,Cole,15
WY,M,2000,Kaden,15
WY,M,2000,Steven,15
WY,M,2000,Christian,14
WY,M,2000,Cody,14
WY,M,2000,Connor,14
WY,M,2000,Tristan,14
WY,M,2000,Clayton,13
WY,M,2000,Dustin,13
WY,M,2000,Eric,13
WY,M,2000,Seth,13
WY,M,2000,Adam,12
WY,M,2000,Alexander,12
WY,M,2000,Colton,12
WY,M,2000,Dillon,12
WY,M,2000,Garrett,12
WY,M,2000,Mason,12
WY,M,2000,Tanner,12
WY,M,2000,Blake,11
WY,M,2000,Brady,11
WY,M,2000,Carson,11
WY,M,2000,Devon,11
WY,M,2000,Ian,11
WY,M,2000,Jackson,11
WY,M,2000,Riley,11
WY,M,2000,Trevor,11
WY,M,2000,Aaron,10
WY,M,2000,Bryce,10
WY,M,2000,Chance,10
WY,M,2000,Jason,10
WY,M,2000,Jordan,10
WY,M,2000,Sean,10
WY,M,2000,Charles,9
WY,M,2000,Dawson,9
WY,M,2000,Devin,9
WY,M,2000,Evan,9
WY,M,2000,Gabriel,9
WY,M,2000,Gavin,9
WY,M,2000,Jonathan,9
WY,M,2000,Kaleb,9
WY,M,2000,Preston,9
WY,M,2000,Alex,8
WY,M,2000,Isaiah,8
WY,M,2000,Jose,8
WY,M,2000,Kyle,8
WY,M,2000,Spencer,8
WY,M,2000,Timothy,8
WY,M,2000,Brayden,7
WY,M,2000,Brendan,7
WY,M,2000,Brenden,7
WY,M,2000,Chandler,7
WY,M,2000,Dante,7
WY,M,2000,Gage,7
WY,M,2000,Jesse,7
WY,M,2000,Lane,7
WY,M,2000,Lucas,7
WY,M,2000,Marcus,7
WY,M,2000,Patrick,7
WY,M,2000,Taylor,7
WY,M,2000,Trenton,7
WY,M,2000,Trey,7
WY,M,2000,Wesley,7
WY,M,2000,Aidan,6
WY,M,2000,Antonio,6
WY,M,2000,Braden,6
WY,M,2000,Brendon,6
WY,M,2000,Caden,6
WY,M,2000,Carlos,6
WY,M,2000,Casey,6
WY,M,2000,Colby,6
WY,M,2000,Collin,6
WY,M,2000,Conner,6
WY,M,2000,Dakota,6
WY,M,2000,Jaden,6
WY,M,2000,Jeremiah,6
WY,M,2000,Jeremy,6
WY,M,2000,Johnathan,6
WY,M,2000,Kayden,6
WY,M,2000,Keaton,6
WY,M,2000,Kevin,6
WY,M,2000,Parker,6
WY,M,2000,Richard,6
WY,M,2000,Ashton,5
WY,M,2000,Brian,5
WY,M,2000,Carter,5
WY,M,2000,Dominic,5
WY,M,2000,Drew,5
WY,M,2000,Elijah,5
WY,M,2000,Jeffrey,5
WY,M,2000,Kyler,5
WY,M,2000,Liam,5
WY,M,2000,Scott,5
WY,M,2000,Stephen,5
WY,M,2001,Jacob,44
WY,M,2001,Joshua,42
WY,M,2001,Michael,36
WY,M,2001,Tyler,35
WY,M,2001,Hunter,34
WY,M,2001,Logan,32
WY,M,2001,Ryan,32
WY,M,2001,William,29
WY,M,2001,Caleb,28
WY,M,2001,Christopher,27
WY,M,2001,Joseph,27
WY,M,2001,Nicholas,27
WY,M,2001,Austin,26
WY,M,2001,Ethan,26
WY,M,2001,Matthew,26
WY,M,2001,Justin,25
WY,M,2001,Zachary,25
WY,M,2001,Nathan,24
WY,M,2001,Alexander,23
WY,M,2001,Dylan,23
WY,M,2001,Robert,23
WY,M,2001,Anthony,21
WY,M,2001,Mason,21
WY,M,2001,Gabriel,20
WY,M,2001,Thomas,20
WY,M,2001,Cody,19
WY,M,2001,Garrett,19
WY,M,2001,Jonathan,19
WY,M,2001,Jordan,19
WY,M,2001,Wyatt,19
WY,M,2001,Benjamin,18
WY,M,2001,Brandon,17
WY,M,2001,James,17
WY,M,2001,Tanner,17
WY,M,2001,Blake,16
WY,M,2001,Cameron,16
WY,M,2001,Daniel,16
WY,M,2001,David,16
WY,M,2001,Isaac,16
WY,M,2001,John,16
WY,M,2001,Samuel,16
WY,M,2001,Kyle,15
WY,M,2001,Seth,15
WY,M,2001,Andrew,14
WY,M,2001,Colton,14
WY,M,2001,Dawson,14
WY,M,2001,Elijah,14
WY,M,2001,Isaiah,14
WY,M,2001,Kaleb,14
WY,M,2001,Chase,13
WY,M,2001,Jackson,13
WY,M,2001,Kaden,13
WY,M,2001,Trenton,13
WY,M,2001,Aaron,12
WY,M,2001,Dalton,12
WY,M,2001,Hayden,12
WY,M,2001,Nathaniel,12
WY,M,2001,Noah,12
WY,M,2001,Richard,12
WY,M,2001,Stephen,12
WY,M,2001,Zane,12
WY,M,2001,Brayden,11
WY,M,2001,Carter,11
WY,M,2001,Connor,11
WY,M,2001,Jared,11
WY,M,2001,Riley,11
WY,M,2001,Taylor,11
WY,M,2001,Brendan,10
WY,M,2001,Carson,10
WY,M,2001,Christian,10
WY,M,2001,Evan,10
WY,M,2001,Gage,10
WY,M,2001,Timothy,10
WY,M,2001,Tristan,10
WY,M,2001,Charles,9
WY,M,2001,Dominic,9
WY,M,2001,Jack,9
WY,M,2001,Jayden,9
WY,M,2001,Kyler,9
WY,M,2001,Luke,9
WY,M,2001,Vincent,9
WY,M,2001,Aiden,8
WY,M,2001,Brian,8
WY,M,2001,Colby,8
WY,M,2001,Cooper,8
WY,M,2001,Devin,8
WY,M,2001,Jesse,8
WY,M,2001,Johnathan,8
WY,M,2001,Marcus,8
WY,M,2001,Morgan,8
WY,M,2001,Parker,8
WY,M,2001,Spencer,8
WY,M,2001,Steven,8
WY,M,2001,Trevor,8
WY,M,2001,Adam,7
WY,M,2001,Alex,7
WY,M,2001,Bryce,7
WY,M,2001,Cole,7
WY,M,2001,Dakota,7
WY,M,2001,Devon,7
WY,M,2001,Ian,7
WY,M,2001,Levi,7
WY,M,2001,Lucas,7
WY,M,2001,Owen,7
WY,M,2001,Patrick,7
WY,M,2001,Preston,7
WY,M,2001,Antonio,6
WY,M,2001,Ashton,6
WY,M,2001,Brady,6
WY,M,2001,Braxton,6
WY,M,2001,Bridger,6
WY,M,2001,Carlos,6
WY,M,2001,Clayton,6
WY,M,2001,Conner,6
WY,M,2001,Dallas,6
WY,M,2001,Dustin,6
WY,M,2001,Elias,6
WY,M,2001,Gavin,6
WY,M,2001,Jason,6
WY,M,2001,Joel,6
WY,M,2001,Lane,6
WY,M,2001,Sean,6
WY,M,2001,Trent,6
WY,M,2001,Tyson,6
WY,M,2001,Aidan,5
WY,M,2001,Brody,5
WY,M,2001,Bryson,5
WY,M,2001,Colin,5
WY,M,2001,Colter,5
WY,M,2001,Damion,5
WY,M,2001,Dayton,5
WY,M,2001,Jeffrey,5
WY,M,2001,Josiah,5
WY,M,2001,Kameron,5
WY,M,2001,Kenneth,5
WY,M,2001,Nicolas,5
WY,M,2001,Travis,5
WY,M,2001,Tristin,5
WY,M,2002,Ethan,52
WY,M,2002,Jacob,49
WY,M,2002,Hunter,36
WY,M,2002,Joshua,35
WY,M,2002,Austin,29
WY,M,2002,Michael,28
WY,M,2002,Tyler,27
WY,M,2002,Logan,26
WY,M,2002,William,26
WY,M,2002,Christopher,25
WY,M,2002,Joseph,25
WY,M,2002,Justin,25
WY,M,2002,Matthew,25
WY,M,2002,Caleb,24
WY,M,2002,Brandon,23
WY,M,2002,David,23
WY,M,2002,Nicholas,23
WY,M,2002,Ryan,23
WY,M,2002,Andrew,22
WY,M,2002,Mason,22
WY,M,2002,Wyatt,22
WY,M,2002,Alexander,20
WY,M,2002,Gabriel,20
WY,M,2002,Gavin,20
WY,M,2002,Zachary,20
WY,M,2002,Cody,19
WY,M,2002,Hayden,19
WY,M,2002,James,19
WY,M,2002,Kaden,19
WY,M,2002,Samuel,19
WY,M,2002,Noah,18
WY,M,2002,Riley,18
WY,M,2002,Aaron,17
WY,M,2002,Cameron,17
WY,M,2002,Dylan,17
WY,M,2002,Isaac,17
WY,M,2002,John,17
WY,M,2002,Anthony,16
WY,M,2002,Cole,16
WY,M,2002,Elijah,16
WY,M,2002,Isaiah,16
WY,M,2002,Jordan,16
WY,M,2002,Kyle,16
WY,M,2002,Nathan,16
WY,M,2002,Daniel,15
WY,M,2002,Garrett,15
WY,M,2002,Christian,14
WY,M,2002,Nathaniel,14
WY,M,2002,Preston,14
WY,M,2002,Robert,14
WY,M,2002,Tanner,14
WY,M,2002,Chase,13
WY,M,2002,Jackson,13
WY,M,2002,Jesse,13
WY,M,2002,Jonathan,13
WY,M,2002,Luke,13
WY,M,2002,Seth,13
WY,M,2002,Carson,12
WY,M,2002,Colton,12
WY,M,2002,Connor,12
WY,M,2002,Jaden,12
WY,M,2002,Jason,12
WY,M,2002,Kyler,12
WY,M,2002,Trevor,12
WY,M,2002,Dominic,11
WY,M,2002,Jack,11
WY,M,2002,Jayden,11
WY,M,2002,Jose,11
WY,M,2002,Thomas,11
WY,M,2002,Xavier,11
WY,M,2002,Caden,10
WY,M,2002,Dalton,10
WY,M,2002,Kenneth,10
WY,M,2002,Kevin,10
WY,M,2002,Parker,10
WY,M,2002,Timothy,10
WY,M,2002,Tristan,10
WY,M,2002,Brady,9
WY,M,2002,Brian,9
WY,M,2002,Bryce,9
WY,M,2002,Dakota,9
WY,M,2002,Kaleb,9
WY,M,2002,Lane,9
WY,M,2002,Marcus,9
WY,M,2002,Sean,9
WY,M,2002,Trenton,9
WY,M,2002,Zane,9
WY,M,2002,Colter,8
WY,M,2002,Dawson,8
WY,M,2002,Gage,8
WY,M,2002,Owen,8
WY,M,2002,Patrick,8
WY,M,2002,Ty,8
WY,M,2002,Alex,7
WY,M,2002,Benjamin,7
WY,M,2002,Bradley,7
WY,M,2002,Casey,7
WY,M,2002,Chance,7
WY,M,2002,Dillon,7
WY,M,2002,Evan,7
WY,M,2002,Jeremiah,7
WY,M,2002,Landon,7
WY,M,2002,Mark,7
WY,M,2002,Spencer,7
WY,M,2002,Antonio,6
WY,M,2002,Braden,6
WY,M,2002,Bryan,6
WY,M,2002,Cade,6
WY,M,2002,Charles,6
WY,M,2002,Cooper,6
WY,M,2002,Devin,6
WY,M,2002,Devon,6
WY,M,2002,Eric,6
WY,M,2002,Ian,6
WY,M,2002,Jace,6
WY,M,2002,Jakob,6
WY,M,2002,Jared,6
WY,M,2002,Johnathan,6
WY,M,2002,Julian,6
WY,M,2002,Kolby,6
WY,M,2002,Rylan,6
WY,M,2002,Skyler,6
WY,M,2002,Sterling,6
WY,M,2002,Taylor,6
WY,M,2002,Aidan,5
WY,M,2002,Aiden,5
WY,M,2002,Ashton,5
WY,M,2002,Brayden,5
WY,M,2002,Brendan,5
WY,M,2002,Brody,5
WY,M,2002,Carter,5
WY,M,2002,Clayton,5
WY,M,2002,Colten,5
WY,M,2002,Damon,5
WY,M,2002,Dominick,5
WY,M,2002,Jasper,5
WY,M,2002,Jeremy,5
WY,M,2002,Kade,5
WY,M,2002,Kaiden,5
WY,M,2002,Kayden,5
WY,M,2002,Levi,5
WY,M,2002,Paul,5
WY,M,2002,Vincent,5
WY,M,2002,Weston,5
WY,M,2003,Jacob,47
WY,M,2003,Ethan,42
WY,M,2003,Joshua,34
WY,M,2003,Matthew,34
WY,M,2003,Hunter,32
WY,M,2003,James,31
WY,M,2003,Michael,30
WY,M,2003,Alexander,28
WY,M,2003,Zachary,28
WY,M,2003,Joseph,27
WY,M,2003,Caleb,26
WY,M,2003,Anthony,25
WY,M,2003,Tyler,25
WY,M,2003,Kaden,24
WY,M,2003,Logan,24
WY,M,2003,Andrew,23
WY,M,2003,Gabriel,23
WY,M,2003,John,23
WY,M,2003,William,23
WY,M,2003,Dylan,22
WY,M,2003,Samuel,22
WY,M,2003,Wyatt,22
WY,M,2003,Austin,21
WY,M,2003,David,21
WY,M,2003,Nicholas,21
WY,M,2003,Robert,21
WY,M,2003,Benjamin,20
WY,M,2003,Brandon,19
WY,M,2003,Brayden,19
WY,M,2003,Garrett,19
WY,M,2003,Tanner,19
WY,M,2003,Caden,18
WY,M,2003,Isaac,18
WY,M,2003,Mason,18
WY,M,2003,Ryan,18
WY,M,2003,Gavin,17
WY,M,2003,Jesse,17
WY,M,2003,Landon,17
WY,M,2003,Luke,17
WY,M,2003,Cameron,16
WY,M,2003,Connor,16
WY,M,2003,Daniel,16
WY,M,2003,Hayden,16
WY,M,2003,Aidan,15
WY,M,2003,Christian,15
WY,M,2003,Christopher,15
WY,M,2003,Cody,15
WY,M,2003,Cole,15
WY,M,2003,Noah,15
WY,M,2003,Thomas,15
WY,M,2003,Aiden,14
WY,M,2003,Ashton,14
WY,M,2003,Carson,14
WY,M,2003,Nathan,14
WY,M,2003,Aaron,13
WY,M,2003,Dalton,12
WY,M,2003,Ayden,11
WY,M,2003,Carter,11
WY,M,2003,Chance,11
WY,M,2003,Charles,11
WY,M,2003,Dawson,11
WY,M,2003,Elijah,11
WY,M,2003,Ian,11
WY,M,2003,Isaiah,11
WY,M,2003,Jackson,11
WY,M,2003,Jason,11
WY,M,2003,Jeremiah,11
WY,M,2003,Jonathan,11
WY,M,2003,Lucas,11
WY,M,2003,Sean,11
WY,M,2003,Tristan,11
WY,M,2003,Braden,10
WY,M,2003,Bryce,10
WY,M,2003,Chase,10
WY,M,2003,Conner,10
WY,M,2003,Dakota,10
WY,M,2003,Jordan,10
WY,M,2003,Riley,10
WY,M,2003,Adrian,9
WY,M,2003,Alex,9
WY,M,2003,Colton,9
WY,M,2003,Gage,9
WY,M,2003,Jace,9
WY,M,2003,Jack,9
WY,M,2003,Jaden,9
WY,M,2003,Jonah,9
WY,M,2003,Josiah,9
WY,M,2003,Nathaniel,9
WY,M,2003,Seth,9
WY,M,2003,Skyler,9
WY,M,2003,Blake,8
WY,M,2003,Damien,8
WY,M,2003,Devin,8
WY,M,2003,Dominic,8
WY,M,2003,Evan,8
WY,M,2003,Jeremy,8
WY,M,2003,Kyle,8
WY,M,2003,Kyler,8
WY,M,2003,Lane,8
WY,M,2003,Marcus,8
WY,M,2003,Richard,8
WY,M,2003,Timothy,8
WY,M,2003,Trevor,8
WY,M,2003,Zane,8
WY,M,2003,Brady,7
WY,M,2003,Brendan,7
WY,M,2003,Brock,7
WY,M,2003,Cayden,7
WY,M,2003,Colter,7
WY,M,2003,Dominick,7
WY,M,2003,Grant,7
WY,M,2003,Joel,7
WY,M,2003,Landen,7
WY,M,2003,Preston,7
WY,M,2003,Shane,7
WY,M,2003,Shawn,7
WY,M,2003,Travis,7
WY,M,2003,Trenton,7
WY,M,2003,Braeden,6
WY,M,2003,Braxton,6
WY,M,2003,Bridger,6
WY,M,2003,Camden,6
WY,M,2003,Clayton,6
WY,M,2003,Colby,6
WY,M,2003,Colin,6
WY,M,2003,Damian,6
WY,M,2003,Dillon,6
WY,M,2003,Jayden,6
WY,M,2003,Jose,6
WY,M,2003,Justin,6
WY,M,2003,Kaleb,6
WY,M,2003,Kayden,6
WY,M,2003,Keegan,6
WY,M,2003,Kolby,6
WY,M,2003,Luis,6
WY,M,2003,Malachi,6
WY,M,2003,Owen,6
WY,M,2003,Payton,6
WY,M,2003,Tate,6
WY,M,2003,Victor,6
WY,M,2003,Adam,5
WY,M,2003,Alejandro,5
WY,M,2003,Bryson,5
WY,M,2003,Devon,5
WY,M,2003,Edward,5
WY,M,2003,Enrique,5
WY,M,2003,Erik,5
WY,M,2003,Johnathan,5
WY,M,2003,Julian,5
WY,M,2003,Kenneth,5
WY,M,2003,Kevin,5
WY,M,2003,Levi,5
WY,M,2003,Maxwell,5
WY,M,2003,Miguel,5
WY,M,2003,Morgan,5
WY,M,2003,Nolan,5
WY,M,2003,Paul,5
WY,M,2003,Sebastian,5
WY,M,2003,Stephen,5
WY,M,2003,Steven,5
WY,M,2003,Talon,5
WY,M,2003,Trent,5
WY,M,2003,Trey,5
WY,M,2003,Tucker,5
WY,M,2003,Wesley,5
WY,M,2003,Weston,5
WY,M,2003,Xavier,5
WY,M,2004,Michael,34
WY,M,2004,Hunter,31
WY,M,2004,Jacob,31
WY,M,2004,Ethan,30
WY,M,2004,Joshua,29
WY,M,2004,Ryan,29
WY,M,2004,Alexander,27
WY,M,2004,Logan,27
WY,M,2004,Wyatt,27
WY,M,2004,Tyler,26
WY,M,2004,Austin,25
WY,M,2004,Jonathan,25
WY,M,2004,James,24
WY,M,2004,Joseph,24
WY,M,2004,Christopher,23
WY,M,2004,Dylan,22
WY,M,2004,Elijah,22
WY,M,2004,William,22
WY,M,2004,Anthony,21
WY,M,2004,Caleb,20
WY,M,2004,Jackson,20
WY,M,2004,Justin,20
WY,M,2004,Andrew,19
WY,M,2004,Isaac,19
WY,M,2004,Kaden,19
WY,M,2004,Matthew,19
WY,M,2004,Mason,18
WY,M,2004,Tanner,18
WY,M,2004,Ashton,17
WY,M,2004,Brayden,17
WY,M,2004,Cody,17
WY,M,2004,Daniel,17
WY,M,2004,Nathan,17
WY,M,2004,Connor,16
WY,M,2004,David,16
WY,M,2004,Gavin,16
WY,M,2004,Riley,16
WY,M,2004,Thomas,16
WY,M,2004,Gabriel,15
WY,M,2004,Zachary,15
WY,M,2004,Aiden,14
WY,M,2004,Isaiah,14
WY,M,2004,John,14
WY,M,2004,Robert,14
WY,M,2004,Benjamin,13
WY,M,2004,Brandon,13
WY,M,2004,Carter,13
WY,M,2004,Charles,13
WY,M,2004,Evan,13
WY,M,2004,Kyle,13
WY,M,2004,Noah,13
WY,M,2004,Samuel,13
WY,M,2004,Timothy,13
WY,M,2004,Trevor,13
WY,M,2004,Bradley,12
WY,M,2004,Christian,12
WY,M,2004,Cole,12
WY,M,2004,Gage,12
WY,M,2004,Garrett,12
WY,M,2004,Hayden,12
WY,M,2004,Jordan,12
WY,M,2004,Landon,12
WY,M,2004,Aidan,11
WY,M,2004,Ayden,11
WY,M,2004,Carson,11
WY,M,2004,Collin,11
WY,M,2004,Kyler,11
WY,M,2004,Aaron,10
WY,M,2004,Alex,10
WY,M,2004,Jace,10
WY,M,2004,Jack,10
WY,M,2004,Jayden,10
WY,M,2004,Nathaniel,10
WY,M,2004,Seth,10
WY,M,2004,Blake,9
WY,M,2004,Caden,9
WY,M,2004,Chance,9
WY,M,2004,Dakota,9
WY,M,2004,Dalton,9
WY,M,2004,Dominic,9
WY,M,2004,Jason,9
WY,M,2004,Kade,9
WY,M,2004,Kaleb,9
WY,M,2004,Lucas,9
WY,M,2004,Luke,9
WY,M,2004,Morgan,9
WY,M,2004,Parker,9
WY,M,2004,Sean,9
WY,M,2004,Tristan,9
WY,M,2004,Zane,9
WY,M,2004,Brody,8
WY,M,2004,Cameron,8
WY,M,2004,Chase,8
WY,M,2004,Colton,8
WY,M,2004,Devon,8
WY,M,2004,Dillon,8
WY,M,2004,Eric,8
WY,M,2004,Jaden,8
WY,M,2004,Jesse,8
WY,M,2004,Julian,8
WY,M,2004,Spencer,8
WY,M,2004,Steven,8
WY,M,2004,Trey,8
WY,M,2004,Xavier,8
WY,M,2004,Adam,7
WY,M,2004,Braxton,7
WY,M,2004,Brian,7
WY,M,2004,Brock,7
WY,M,2004,Bryce,7
WY,M,2004,Conner,7
WY,M,2004,Derek,7
WY,M,2004,Ian,7
WY,M,2004,Josiah,7
WY,M,2004,Kevin,7
WY,M,2004,Levi,7
WY,M,2004,Marcus,7
WY,M,2004,Peyton,7
WY,M,2004,Tucker,7
WY,M,2004,Braeden,6
WY,M,2004,Brendan,6
WY,M,2004,Colin,6
WY,M,2004,Colter,6
WY,M,2004,Damien,6
WY,M,2004,Edward,6
WY,M,2004,Eli,6
WY,M,2004,Jeremy,6
WY,M,2004,Jesus,6
WY,M,2004,Kayden,6
WY,M,2004,Nicholas,6
WY,M,2004,Nolan,6
WY,M,2004,Taylor,6
WY,M,2004,Tyson,6
WY,M,2004,Aden,5
WY,M,2004,Adrian,5
WY,M,2004,Alexis,5
WY,M,2004,Brodie,5
WY,M,2004,Cade,5
WY,M,2004,Cooper,5
WY,M,2004,Dane,5
WY,M,2004,Dominick,5
WY,M,2004,Grant,5
WY,M,2004,Jeffrey,5
WY,M,2004,Jeremiah,5
WY,M,2004,Kaiden,5
WY,M,2004,Keaton,5
WY,M,2004,Max,5
WY,M,2004,Owen,5
WY,M,2004,Peter,5
WY,M,2004,Preston,5
WY,M,2004,Richard,5
WY,M,2004,Shawn,5
WY,M,2004,Stephen,5
WY,M,2004,Xander,5
WY,M,2005,Jacob,41
WY,M,2005,Ethan,40
WY,M,2005,Tyler,35
WY,M,2005,Michael,31
WY,M,2005,Joseph,30
WY,M,2005,James,28
WY,M,2005,Joshua,28
WY,M,2005,Connor,27
WY,M,2005,David,27
WY,M,2005,Alexander,26
WY,M,2005,Caleb,26
WY,M,2005,Hunter,26
WY,M,2005,Austin,25
WY,M,2005,Wyatt,25
WY,M,2005,Andrew,24
WY,M,2005,Dylan,24
WY,M,2005,Noah,24
WY,M,2005,Aiden,23
WY,M,2005,Evan,23
WY,M,2005,Gabriel,23
WY,M,2005,Gavin,23
WY,M,2005,Owen,23
WY,M,2005,Logan,22
WY,M,2005,Mason,22
WY,M,2005,Riley,22
WY,M,2005,William,22
WY,M,2005,Daniel,21
WY,M,2005,Kaden,21
WY,M,2005,Brandon,20
WY,M,2005,Jackson,20
WY,M,2005,Landon,20
WY,M,2005,Matthew,20
WY,M,2005,Anthony,19
WY,M,2005,Ryan,19
WY,M,2005,Benjamin,18
WY,M,2005,Brayden,18
WY,M,2005,Carter,18
WY,M,2005,Christopher,18
WY,M,2005,Nathan,18
WY,M,2005,Christian,17
WY,M,2005,Justin,17
WY,M,2005,Robert,17
WY,M,2005,Tristan,17
WY,M,2005,Ashton,16
WY,M,2005,Chase,16
WY,M,2005,Cole,16
WY,M,2005,Elijah,16
WY,M,2005,Hayden,16
WY,M,2005,Jesse,16
WY,M,2005,Tanner,16
WY,M,2005,Zachary,16
WY,M,2005,Seth,15
WY,M,2005,John,14
WY,M,2005,Luke,14
WY,M,2005,Samuel,14
WY,M,2005,Adam,13
WY,M,2005,Colton,13
WY,M,2005,Garrett,13
WY,M,2005,Jack,13
WY,M,2005,Aidan,12
WY,M,2005,Blake,12
WY,M,2005,Bryce,12
WY,M,2005,Jonathan,12
WY,M,2005,Nicholas,12
WY,M,2005,Thomas,12
WY,M,2005,Cody,11
WY,M,2005,Conner,11
WY,M,2005,Dakota,11
WY,M,2005,Jaden,11
WY,M,2005,Aaron,10
WY,M,2005,Alex,10
WY,M,2005,Cameron,10
WY,M,2005,Carson,10
WY,M,2005,Charles,10
WY,M,2005,Jason,10
WY,M,2005,Jayden,10
WY,M,2005,Levi,10
WY,M,2005,Nathaniel,10
WY,M,2005,Trevor,10
WY,M,2005,Xavier,10
WY,M,2005,Antonio,9
WY,M,2005,Dillon,9
WY,M,2005,Donovan,9
WY,M,2005,Isaac,9
WY,M,2005,Jace,9
WY,M,2005,Micah,9
WY,M,2005,Timothy,9
WY,M,2005,Colby,8
WY,M,2005,Dante,8
WY,M,2005,Diego,8
WY,M,2005,Dominic,8
WY,M,2005,Gage,8
WY,M,2005,Ian,8
WY,M,2005,Jared,8
WY,M,2005,Jordan,8
WY,M,2005,Jose,8
WY,M,2005,Kyle,8
WY,M,2005,Lane,8
WY,M,2005,Lucas,8
WY,M,2005,Skyler,8
WY,M,2005,Spencer,8
WY,M,2005,Steven,8
WY,M,2005,Trey,8
WY,M,2005,Zander,8
WY,M,2005,Bridger,7
WY,M,2005,Caden,7
WY,M,2005,Collin,7
WY,M,2005,Colter,7
WY,M,2005,Devin,7
WY,M,2005,Dominick,7
WY,M,2005,Eric,7
WY,M,2005,Henry,7
WY,M,2005,Isaiah,7
WY,M,2005,Joel,7
WY,M,2005,Jonah,7
WY,M,2005,Kevin,7
WY,M,2005,Kyler,7
WY,M,2005,Payton,7
WY,M,2005,Quentin,7
WY,M,2005,Richard,7
WY,M,2005,Zane,7
WY,M,2005,Adrian,6
WY,M,2005,Avery,6
WY,M,2005,Ayden,6
WY,M,2005,Beau,6
WY,M,2005,Brendan,6
WY,M,2005,Cade,6
WY,M,2005,Cayden,6
WY,M,2005,Devon,6
WY,M,2005,Gunnar,6
WY,M,2005,Jeremy,6
WY,M,2005,Johnathan,6
WY,M,2005,Josiah,6
WY,M,2005,Juan,6
WY,M,2005,Kenneth,6
WY,M,2005,Marcus,6
WY,M,2005,Mathew,6
WY,M,2005,Miles,6
WY,M,2005,Parker,6
WY,M,2005,Patrick,6
WY,M,2005,Peyton,6
WY,M,2005,Sean,6
WY,M,2005,Braden,5
WY,M,2005,Bradley,5
WY,M,2005,Brodie,5
WY,M,2005,Casey,5
WY,M,2005,Chance,5
WY,M,2005,Dalton,5
WY,M,2005,Damien,5
WY,M,2005,Grant,5
WY,M,2005,Jake,5
WY,M,2005,Jaxon,5
WY,M,2005,Jay,5
WY,M,2005,Kaiden,5
WY,M,2005,Kaleb,5
WY,M,2005,Kolton,5
WY,M,2005,Luis,5
WY,M,2005,Malachi,5
WY,M,2005,Mark,5
WY,M,2005,Micheal,5
WY,M,2005,Peter,5
WY,M,2005,Porter,5
WY,M,2005,Ryder,5
WY,M,2005,Rylan,5
WY,M,2005,Sebastian,5
WY,M,2005,Simon,5
WY,M,2005,Travis,5
WY,M,2005,Trenton,5
WY,M,2005,Tucker,5
WY,M,2005,Vincent,5
WY,M,2005,Xander,5
WY,M,2006,Ethan,44
WY,M,2006,Jacob,42
WY,M,2006,Logan,42
WY,M,2006,Ryan,38
WY,M,2006,Hunter,34
WY,M,2006,William,33
WY,M,2006,Samuel,32
WY,M,2006,Joshua,29
WY,M,2006,Michael,29
WY,M,2006,Wyatt,28
WY,M,2006,Aiden,27
WY,M,2006,James,27
WY,M,2006,Joseph,27
WY,M,2006,Aidan,24
WY,M,2006,Mason,24
WY,M,2006,Matthew,24
WY,M,2006,Andrew,23
WY,M,2006,Caleb,23
WY,M,2006,Landon,23
WY,M,2006,Alexander,22
WY,M,2006,Austin,22
WY,M,2006,Anthony,21
WY,M,2006,Benjamin,21
WY,M,2006,Brayden,21
WY,M,2006,Hayden,21
WY,M,2006,Isaac,21
WY,M,2006,Lucas,21
WY,M,2006,Noah,21
WY,M,2006,Tyler,21
WY,M,2006,Zachary,21
WY,M,2006,Carter,20
WY,M,2006,Daniel,20
WY,M,2006,Nathan,20
WY,M,2006,Christopher,19
WY,M,2006,Dylan,19
WY,M,2006,Gabriel,19
WY,M,2006,Gavin,18
WY,M,2006,Jackson,18
WY,M,2006,Owen,18
WY,M,2006,David,17
WY,M,2006,Carson,16
WY,M,2006,Eric,16
WY,M,2006,Nicholas,16
WY,M,2006,Seth,16
WY,M,2006,Alex,15
WY,M,2006,Connor,15
WY,M,2006,Cooper,15
WY,M,2006,Jack,15
WY,M,2006,Levi,15
WY,M,2006,Riley,15
WY,M,2006,Tanner,15
WY,M,2006,Conner,14
WY,M,2006,Jayden,14
WY,M,2006,Zane,14
WY,M,2006,Ashton,13
WY,M,2006,Brandon,13
WY,M,2006,Evan,13
WY,M,2006,Parker,13
WY,M,2006,Thomas,13
WY,M,2006,Charles,12
WY,M,2006,Cody,12
WY,M,2006,Dominic,12
WY,M,2006,Isaiah,12
WY,M,2006,Jason,12
WY,M,2006,John,12
WY,M,2006,Kaden,12
WY,M,2006,Kaleb,12
WY,M,2006,Luke,12
WY,M,2006,Sean,12
WY,M,2006,Trevor,12
WY,M,2006,Ayden,11
WY,M,2006,Brody,11
WY,M,2006,Caden,11
WY,M,2006,Cameron,11
WY,M,2006,Chase,11
WY,M,2006,Cole,11
WY,M,2006,Elijah,11
WY,M,2006,Jaden,11
WY,M,2006,Jaxon,11
WY,M,2006,Jordan,11
WY,M,2006,Kyler,11
WY,M,2006,Tristan,11
WY,M,2006,Adam,10
WY,M,2006,Chance,10
WY,M,2006,Christian,10
WY,M,2006,Corbin,10
WY,M,2006,Jesse,10
WY,M,2006,Justin,10
WY,M,2006,Nathaniel,10
WY,M,2006,Tucker,10
WY,M,2006,Ty,10
WY,M,2006,Braxton,9
WY,M,2006,Colton,9
WY,M,2006,Eli,9
WY,M,2006,Garrett,9
WY,M,2006,Ian,9
WY,M,2006,Robert,9
WY,M,2006,Xavier,9
WY,M,2006,Aaron,8
WY,M,2006,Bryce,8
WY,M,2006,Dalton,8
WY,M,2006,Diego,8
WY,M,2006,Jeremiah,8
WY,M,2006,Jonathan,8
WY,M,2006,Kyle,8
WY,M,2006,Lane,8
WY,M,2006,Talon,8
WY,M,2006,Trenton,8
WY,M,2006,Blake,7
WY,M,2006,Brian,7
WY,M,2006,Bridger,7
WY,M,2006,Casey,7
WY,M,2006,Colter,7
WY,M,2006,Dominick,7
WY,M,2006,Drake,7
WY,M,2006,Jayce,7
WY,M,2006,Julian,7
WY,M,2006,Liam,7
WY,M,2006,Marcus,7
WY,M,2006,Payton,7
WY,M,2006,Peyton,7
WY,M,2006,Ryder,7
WY,M,2006,Spencer,7
WY,M,2006,Steven,7
WY,M,2006,Trey,7
WY,M,2006,Xander,7
WY,M,2006,Adrian,6
WY,M,2006,Braden,6
WY,M,2006,Camden,6
WY,M,2006,Clayton,6
WY,M,2006,Dakota,6
WY,M,2006,Dawson,6
WY,M,2006,Dillon,6
WY,M,2006,Gage,6
WY,M,2006,Kaiden,6
WY,M,2006,Karson,6
WY,M,2006,Keegan,6
WY,M,2006,Leo,6
WY,M,2006,Preston,6
WY,M,2006,Ryker,6
WY,M,2006,Victor,6
WY,M,2006,Wesley,6
WY,M,2006,Zander,6
WY,M,2006,Antonio,5
WY,M,2006,Bradley,5
WY,M,2006,Brady,5
WY,M,2006,Brock,5
WY,M,2006,Cade,5
WY,M,2006,Calvin,5
WY,M,2006,Colin,5
WY,M,2006,Colten,5
WY,M,2006,Dante,5
WY,M,2006,Daxton,5
WY,M,2006,Declan,5
WY,M,2006,Devin,5
WY,M,2006,Dustin,5
WY,M,2006,Ezekiel,5
WY,M,2006,Grady,5
WY,M,2006,Grant,5
WY,M,2006,Henry,5
WY,M,2006,Jared,5
WY,M,2006,Javier,5
WY,M,2006,Jose,5
WY,M,2006,Juan,5
WY,M,2006,Karsen,5
WY,M,2006,Kayden,5
WY,M,2006,Kevin,5
WY,M,2006,Luis,5
WY,M,2006,Micah,5
WY,M,2006,Orion,5
WY,M,2006,Patrick,5
WY,M,2006,Richard,5
WY,M,2006,Sawyer,5
WY,M,2006,Shane,5
WY,M,2006,Skyler,5
WY,M,2006,Stephen,5
WY,M,2006,Teagan,5
WY,M,2006,Timothy,5
WY,M,2006,Travis,5
WY,M,2006,Trent,5
WY,M,2006,Tyson,5
WY,M,2007,James,38
WY,M,2007,Ethan,37
WY,M,2007,William,36
WY,M,2007,Gavin,33
WY,M,2007,Logan,32
WY,M,2007,Michael,31
WY,M,2007,Wyatt,30
WY,M,2007,Brayden,29
WY,M,2007,Gabriel,29
WY,M,2007,Hunter,29
WY,M,2007,Jacob,29
WY,M,2007,Noah,29
WY,M,2007,Joshua,28
WY,M,2007,Tyler,27
WY,M,2007,Aiden,26
WY,M,2007,Landon,26
WY,M,2007,Caleb,25
WY,M,2007,Owen,25
WY,M,2007,Christopher,23
WY,M,2007,Daniel,23
WY,M,2007,Kaden,23
WY,M,2007,Samuel,23
WY,M,2007,Andrew,21
WY,M,2007,Benjamin,21
WY,M,2007,Hayden,20
WY,M,2007,Isaac,20
WY,M,2007,Joseph,20
WY,M,2007,Alexander,19
WY,M,2007,David,19
WY,M,2007,Lucas,19
WY,M,2007,Matthew,19
WY,M,2007,Anthony,18
WY,M,2007,Cody,18
WY,M,2007,Nathan,18
WY,M,2007,Riley,18
WY,M,2007,Elijah,17
WY,M,2007,Gage,17
WY,M,2007,Jackson,17
WY,M,2007,Mason,17
WY,M,2007,Austin,16
WY,M,2007,Brandon,16
WY,M,2007,Caden,16
WY,M,2007,Carter,16
WY,M,2007,Chase,16
WY,M,2007,Christian,16
WY,M,2007,Evan,16
WY,M,2007,Robert,16
WY,M,2007,Ryan,16
WY,M,2007,Isaiah,15
WY,M,2007,Jace,15
WY,M,2007,Thomas,15
WY,M,2007,Aidan,14
WY,M,2007,Diego,14
WY,M,2007,Jordan,14
WY,M,2007,Justin,14
WY,M,2007,Zachary,14
WY,M,2007,Aaron,13
WY,M,2007,Ashton,13
WY,M,2007,Blake,13
WY,M,2007,Carson,13
WY,M,2007,Dylan,13
WY,M,2007,Jayden,13
WY,M,2007,Kyler,13
WY,M,2007,Brody,12
WY,M,2007,Cameron,12
WY,M,2007,Jonathan,12
WY,M,2007,Kayden,12
WY,M,2007,Tristan,12
WY,M,2007,Ayden,11
WY,M,2007,Brady,11
WY,M,2007,Cole,11
WY,M,2007,Colton,11
WY,M,2007,Jack,11
WY,M,2007,Jason,11
WY,M,2007,Marcus,11
WY,M,2007,Alex,10
WY,M,2007,Charles,10
WY,M,2007,Connor,10
WY,M,2007,Cooper,10
WY,M,2007,Devin,10
WY,M,2007,Dominic,10
WY,M,2007,Ian,10
WY,M,2007,Jaden,10
WY,M,2007,John,10
WY,M,2007,Julian,10
WY,M,2007,Levi,10
WY,M,2007,Luke,10
WY,M,2007,Preston,10
WY,M,2007,Adrian,9
WY,M,2007,Colin,9
WY,M,2007,Garrett,9
WY,M,2007,Nicholas,9
WY,M,2007,Peyton,9
WY,M,2007,Tanner,9
WY,M,2007,Braxton,8
WY,M,2007,Brian,8
WY,M,2007,Colter,8
WY,M,2007,Corbin,8
WY,M,2007,Dawson,8
WY,M,2007,Jaxon,8
WY,M,2007,Johnathan,8
WY,M,2007,Kaleb,8
WY,M,2007,Liam,8
WY,M,2007,Ryder,8
WY,M,2007,Sean,8
WY,M,2007,Steven,8
WY,M,2007,Travis,8
WY,M,2007,Bradley,7
WY,M,2007,Bridger,7
WY,M,2007,Cash,7
WY,M,2007,Dalton,7
WY,M,2007,Dominick,7
WY,M,2007,Jesse,7
WY,M,2007,Kaiden,7
WY,M,2007,Luis,7
WY,M,2007,Nathaniel,7
WY,M,2007,Spencer,7
WY,M,2007,Taylor,7
WY,M,2007,Ty,7
WY,M,2007,Asher,6
WY,M,2007,Brodie,6
WY,M,2007,Cayden,6
WY,M,2007,Conner,6
WY,M,2007,Eli,6
WY,M,2007,Elias,6
WY,M,2007,Josiah,6
WY,M,2007,Kyle,6
WY,M,2007,Lane,6
WY,M,2007,Mario,6
WY,M,2007,Miles,6
WY,M,2007,Nolan,6
WY,M,2007,Patrick,6
WY,M,2007,Paul,6
WY,M,2007,Rylan,6
WY,M,2007,Sebastian,6
WY,M,2007,Sergio,6
WY,M,2007,Timothy,6
WY,M,2007,Tucker,6
WY,M,2007,Xavier,6
WY,M,2007,Adam,5
WY,M,2007,Alejandro,5
WY,M,2007,Antonio,5
WY,M,2007,Brett,5
WY,M,2007,Bryce,5
WY,M,2007,Cade,5
WY,M,2007,Carlos,5
WY,M,2007,Chance,5
WY,M,2007,Collin,5
WY,M,2007,Cory,5
WY,M,2007,Dennis,5
WY,M,2007,Drew,5
WY,M,2007,Dustin,5
WY,M,2007,Emilio,5
WY,M,2007,Hudson,5
WY,M,2007,Ivan,5
WY,M,2007,Jake,5
WY,M,2007,Jared,5
WY,M,2007,Jeremiah,5
WY,M,2007,Jonah,5
WY,M,2007,Juan,5
WY,M,2007,Kevin,5
WY,M,2007,Konnor,5
WY,M,2007,Landen,5
WY,M,2007,Oliver,5
WY,M,2007,Orion,5
WY,M,2007,Randy,5
WY,M,2007,Rowan,5
WY,M,2007,Scott,5
WY,M,2007,Seth,5
WY,M,2007,Shane,5
WY,M,2007,Trenton,5
WY,M,2007,Tristen,5
WY,M,2007,Troy,5
WY,M,2007,Wesley,5
WY,M,2007,Weston,5
WY,M,2007,Zander,5
WY,M,2007,Zane,5
WY,M,2008,James,41
WY,M,2008,Wyatt,38
WY,M,2008,Hunter,34
WY,M,2008,Jacob,34
WY,M,2008,Tyler,33
WY,M,2008,Gabriel,31
WY,M,2008,Anthony,30
WY,M,2008,Joseph,30
WY,M,2008,Noah,30
WY,M,2008,William,29
WY,M,2008,Ethan,28
WY,M,2008,Christopher,27
WY,M,2008,Brayden,26
WY,M,2008,Carter,26
WY,M,2008,Alexander,24
WY,M,2008,Joshua,24
WY,M,2008,Brody,23
WY,M,2008,Logan,23
WY,M,2008,Kaden,22
WY,M,2008,Michael,21
WY,M,2008,Aiden,20
WY,M,2008,Mason,20
WY,M,2008,Samuel,20
WY,M,2008,Andrew,19
WY,M,2008,Benjamin,19
WY,M,2008,David,19
WY,M,2008,Zachary,19
WY,M,2008,Cody,18
WY,M,2008,Cooper,18
WY,M,2008,Dylan,18
WY,M,2008,Isaac,18
WY,M,2008,Jayden,18
WY,M,2008,Riley,18
WY,M,2008,Tristan,18
WY,M,2008,Cameron,17
WY,M,2008,Daniel,17
WY,M,2008,Evan,17
WY,M,2008,Hayden,17
WY,M,2008,Matthew,17
WY,M,2008,Ryan,17
WY,M,2008,Brandon,16
WY,M,2008,Carson,16
WY,M,2008,Elijah,16
WY,M,2008,Austin,15
WY,M,2008,Colton,15
WY,M,2008,Jackson,15
WY,M,2008,John,15
WY,M,2008,Nicholas,15
WY,M,2008,Adam,14
WY,M,2008,Gavin,14
WY,M,2008,Justin,14
WY,M,2008,Landon,14
WY,M,2008,Owen,14
WY,M,2008,Thomas,14
WY,M,2008,Zane,14
WY,M,2008,Braxton,13
WY,M,2008,Christian,13
WY,M,2008,Jace,13
WY,M,2008,Jesse,13
WY,M,2008,Robert,13
WY,M,2008,Tanner,13
WY,M,2008,Bridger,12
WY,M,2008,Cole,12
WY,M,2008,Kaleb,12
WY,M,2008,Kevin,12
WY,M,2008,Kyle,12
WY,M,2008,Nathan,12
WY,M,2008,Ayden,11
WY,M,2008,Blake,11
WY,M,2008,Caden,11
WY,M,2008,Connor,11
WY,M,2008,Diego,11
WY,M,2008,Eric,11
WY,M,2008,Gage,11
WY,M,2008,Garrett,11
WY,M,2008,Isaiah,11
WY,M,2008,Jordan,11
WY,M,2008,Tucker,11
WY,M,2008,Aaron,10
WY,M,2008,Adrian,10
WY,M,2008,Jack,10
WY,M,2008,Jason,10
WY,M,2008,Jonathan,10
WY,M,2008,Jose,10
WY,M,2008,Liam,10
WY,M,2008,Max,10
WY,M,2008,Oliver,10
WY,M,2008,Parker,10
WY,M,2008,Spencer,10
WY,M,2008,Alex,9
WY,M,2008,Ashton,9
WY,M,2008,Brady,9
WY,M,2008,Caleb,9
WY,M,2008,Grady,9
WY,M,2008,Jaxon,9
WY,M,2008,Kayden,9
WY,M,2008,Lucas,9
WY,M,2008,Nathaniel,9
WY,M,2008,Ryder,9
WY,M,2008,Sebastian,9
WY,M,2008,Trenton,9
WY,M,2008,Xavier,9
WY,M,2008,Asher,8
WY,M,2008,Cash,8
WY,M,2008,Corbin,8
WY,M,2008,Dillon,8
WY,M,2008,Dominic,8
WY,M,2008,Drake,8
WY,M,2008,Hudson,8
WY,M,2008,Jaden,8
WY,M,2008,Jeremiah,8
WY,M,2008,Luis,8
WY,M,2008,Nolan,8
WY,M,2008,Shane,8
WY,M,2008,Weston,8
WY,M,2008,Xander,8
WY,M,2008,Braden,7
WY,M,2008,Camden,7
WY,M,2008,Cayden,7
WY,M,2008,Chance,7
WY,M,2008,Charles,7
WY,M,2008,Chase,7
WY,M,2008,Ezekiel,7
WY,M,2008,Gregory,7
WY,M,2008,Henry,7
WY,M,2008,Levi,7
WY,M,2008,Micah,7
WY,M,2008,Preston,7
WY,M,2008,Sean,7
WY,M,2008,Talon,7
WY,M,2008,Wesley,7
WY,M,2008,Angelo,6
WY,M,2008,Bryce,6
WY,M,2008,Conner,6
WY,M,2008,Damien,6
WY,M,2008,Grant,6
WY,M,2008,Ian,6
WY,M,2008,Johnathan,6
WY,M,2008,Jonah,6
WY,M,2008,Keegan,6
WY,M,2008,Kenneth,6
WY,M,2008,Landyn,6
WY,M,2008,Lane,6
WY,M,2008,Marcus,6
WY,M,2008,Ricardo,6
WY,M,2008,Shawn,6
WY,M,2008,Skyler,6
WY,M,2008,Aden,5
WY,M,2008,Brenden,5
WY,M,2008,Caiden,5
WY,M,2008,Carlos,5
WY,M,2008,Cyrus,5
WY,M,2008,Dalton,5
WY,M,2008,Donald,5
WY,M,2008,Elias,5
WY,M,2008,Griffin,5
WY,M,2008,Hagen,5
WY,M,2008,Joel,5
WY,M,2008,Josiah,5
WY,M,2008,Julian,5
WY,M,2008,Kaiden,5
WY,M,2008,Korbin,5
WY,M,2008,Kyler,5
WY,M,2008,Landen,5
WY,M,2008,Lincoln,5
WY,M,2008,Luke,5
WY,M,2008,Miguel,5
WY,M,2008,Paul,5
WY,M,2008,Paxton,5
WY,M,2008,Payton,5
WY,M,2008,Porter,5
WY,M,2008,Ryker,5
WY,M,2008,Seth,5
WY,M,2008,Taylor,5
WY,M,2008,Timothy,5
WY,M,2008,Trevor,5
WY,M,2008,Zander,5
WY,M,2009,Wyatt,42
WY,M,2009,William,35
WY,M,2009,Aiden,33
WY,M,2009,Jacob,33
WY,M,2009,Mason,31
WY,M,2009,Noah,31
WY,M,2009,Hunter,29
WY,M,2009,Logan,29
WY,M,2009,James,27
WY,M,2009,Brayden,25
WY,M,2009,Ethan,25
WY,M,2009,Gavin,25
WY,M,2009,Tanner,25
WY,M,2009,Dylan,24
WY,M,2009,Carter,23
WY,M,2009,Jackson,23
WY,M,2009,Joshua,22
WY,M,2009,Landon,22
WY,M,2009,Alexander,21
WY,M,2009,Austin,21
WY,M,2009,Samuel,21
WY,M,2009,Braxton,20
WY,M,2009,Caleb,20
WY,M,2009,Daniel,20
WY,M,2009,Jayden,20
WY,M,2009,Joseph,20
WY,M,2009,Michael,20
WY,M,2009,Tyler,20
WY,M,2009,Elijah,18
WY,M,2009,Matthew,18
WY,M,2009,Thomas,18
WY,M,2009,Brody,17
WY,M,2009,Hayden,17
WY,M,2009,David,16
WY,M,2009,Gabriel,16
WY,M,2009,Riley,16
WY,M,2009,Andrew,15
WY,M,2009,Carson,15
WY,M,2009,Christopher,15
WY,M,2009,Connor,15
WY,M,2009,John,15
WY,M,2009,Zachary,15
WY,M,2009,Benjamin,14
WY,M,2009,Tristan,14
WY,M,2009,Cameron,13
WY,M,2009,Cooper,13
WY,M,2009,Jesse,13
WY,M,2009,Jordan,13
WY,M,2009,Kayden,13
WY,M,2009,Robert,13
WY,M,2009,Anthony,12
WY,M,2009,Ashton,12
WY,M,2009,Bryce,12
WY,M,2009,Christian,12
WY,M,2009,Eli,12
WY,M,2009,Jaxon,12
WY,M,2009,Justin,12
WY,M,2009,Lucas,12
WY,M,2009,Nathan,12
WY,M,2009,Nicholas,12
WY,M,2009,Parker,12
WY,M,2009,Adam,11
WY,M,2009,Aidan,11
WY,M,2009,Charles,11
WY,M,2009,Chase,11
WY,M,2009,Colton,11
WY,M,2009,Gage,11
WY,M,2009,Isaac,11
WY,M,2009,Jack,11
WY,M,2009,Jonathan,11
WY,M,2009,Levi,11
WY,M,2009,Owen,11
WY,M,2009,Payton,11
WY,M,2009,Ryan,11
WY,M,2009,Seth,11
WY,M,2009,Blake,10
WY,M,2009,Bridger,10
WY,M,2009,Evan,10
WY,M,2009,Josiah,10
WY,M,2009,Lukas,10
WY,M,2009,Marcus,10
WY,M,2009,Nathaniel,10
WY,M,2009,Nolan,10
WY,M,2009,Peyton,10
WY,M,2009,Adrian,9
WY,M,2009,Cole,9
WY,M,2009,Conner,9
WY,M,2009,Damian,9
WY,M,2009,Henry,9
WY,M,2009,Ian,9
WY,M,2009,Isaiah,9
WY,M,2009,Jose,9
WY,M,2009,Kaden,9
WY,M,2009,Kenneth,9
WY,M,2009,Landen,9
WY,M,2009,Liam,9
WY,M,2009,Oliver,9
WY,M,2009,Asher,8
WY,M,2009,Caden,8
WY,M,2009,Dominic,8
WY,M,2009,George,8
WY,M,2009,Jace,8
WY,M,2009,Keegan,8
WY,M,2009,Luke,8
WY,M,2009,Micah,8
WY,M,2009,Xander,8
WY,M,2009,Angel,7
WY,M,2009,Antonio,7
WY,M,2009,Ayden,7
WY,M,2009,Brenden,7
WY,M,2009,Colter,7
WY,M,2009,Corbin,7
WY,M,2009,Easton,7
WY,M,2009,Ezra,7
WY,M,2009,Garrett,7
WY,M,2009,Jake,7
WY,M,2009,Jared,7
WY,M,2009,Jonah,7
WY,M,2009,Kevin,7
WY,M,2009,Kyler,7
WY,M,2009,Lane,7
WY,M,2009,Max,7
WY,M,2009,Preston,7
WY,M,2009,Quentin,7
WY,M,2009,Ryder,7
WY,M,2009,Ryker,7
WY,M,2009,Sebastian,7
WY,M,2009,Steven,7
WY,M,2009,Trevor,7
WY,M,2009,Tyson,7
WY,M,2009,Vincent,7
WY,M,2009,Wesley,7
WY,M,2009,Alex,6
WY,M,2009,Beau,6
WY,M,2009,Brady,6
WY,M,2009,Cody,6
WY,M,2009,Dawson,6
WY,M,2009,Eric,6
WY,M,2009,Griffin,6
WY,M,2009,Jaden,6
WY,M,2009,Jason,6
WY,M,2009,Jaxson,6
WY,M,2009,Jeremiah,6
WY,M,2009,Jeremy,6
WY,M,2009,Jesus,6
WY,M,2009,Johnathan,6
WY,M,2009,Maxwell,6
WY,M,2009,Sawyer,6
WY,M,2009,Scott,6
WY,M,2009,Tripp,6
WY,M,2009,Zane,6
WY,M,2009,Zayden,6
WY,M,2009,Aaron,5
WY,M,2009,Braden,5
WY,M,2009,Bradley,5
WY,M,2009,Brandon,5
WY,M,2009,Braydon,5
WY,M,2009,Brian,5
WY,M,2009,Brycen,5
WY,M,2009,Carlos,5
WY,M,2009,Colby,5
WY,M,2009,Colin,5
WY,M,2009,Dalton,5
WY,M,2009,Damien,5
WY,M,2009,Edward,5
WY,M,2009,Emmanuel,5
WY,M,2009,Grady,5
WY,M,2009,Israel,5
WY,M,2009,Jakob,5
WY,M,2009,Jayce,5
WY,M,2009,Kaiden,5
WY,M,2009,Kaleb,5
WY,M,2009,Keaton,5
WY,M,2009,Kolby,5
WY,M,2009,Lance,5
WY,M,2009,Luis,5
WY,M,2009,Miguel,5
WY,M,2009,Phoenix,5
WY,M,2009,River,5
WY,M,2009,Talon,5
WY,M,2009,Tate,5
WY,M,2009,Timothy,5
WY,M,2009,Xavier,5
WY,M,2010,James,36
WY,M,2010,Logan,35
WY,M,2010,Wyatt,35
WY,M,2010,Gabriel,29
WY,M,2010,Samuel,29
WY,M,2010,Ethan,25
WY,M,2010,Mason,25
WY,M,2010,Noah,25
WY,M,2010,Austin,24
WY,M,2010,Carter,24
WY,M,2010,Hunter,24
WY,M,2010,Jackson,24
WY,M,2010,Jayden,24
WY,M,2010,Joseph,23
WY,M,2010,William,23
WY,M,2010,Daniel,22
WY,M,2010,David,21
WY,M,2010,Jacob,21
WY,M,2010,Brayden,20
WY,M,2010,Gavin,20
WY,M,2010,Landon,20
WY,M,2010,Benjamin,19
WY,M,2010,Elijah,19
WY,M,2010,Evan,19
WY,M,2010,Alexander,18
WY,M,2010,Charles,18
WY,M,2010,Cooper,18
WY,M,2010,Michael,18
WY,M,2010,Thomas,18
WY,M,2010,Aiden,17
WY,M,2010,Andrew,17
WY,M,2010,Connor,17
WY,M,2010,Hayden,17
WY,M,2010,Liam,17
WY,M,2010,Parker,17
WY,M,2010,Caleb,16
WY,M,2010,Dylan,16
WY,M,2010,Easton,16
WY,M,2010,Owen,16
WY,M,2010,Anthony,15
WY,M,2010,Isaac,15
WY,M,2010,Ryan,15
WY,M,2010,Christopher,14
WY,M,2010,Colton,14
WY,M,2010,Eli,14
WY,M,2010,Garrett,14
WY,M,2010,Jordan,14
WY,M,2010,Lucas,14
WY,M,2010,Tyler,14
WY,M,2010,Blake,13
WY,M,2010,Carson,13
WY,M,2010,Luke,13
WY,M,2010,Robert,13
WY,M,2010,Bridger,12
WY,M,2010,Cameron,12
WY,M,2010,Dominic,12
WY,M,2010,Henry,12
WY,M,2010,John,12
WY,M,2010,Jonathan,12
WY,M,2010,Joshua,12
WY,M,2010,Kaden,12
WY,M,2010,Isaiah,11
WY,M,2010,Kaiden,11
WY,M,2010,Lane,11
WY,M,2010,Riley,11
WY,M,2010,Ryder,11
WY,M,2010,Tristan,11
WY,M,2010,Bryce,10
WY,M,2010,Chase,10
WY,M,2010,Ian,10
WY,M,2010,Jaxon,10
WY,M,2010,Ayden,9
WY,M,2010,Beau,9
WY,M,2010,Brody,9
WY,M,2010,Christian,9
WY,M,2010,Corbin,9
WY,M,2010,Jace,9
WY,M,2010,Kade,9
WY,M,2010,Nicholas,9
WY,M,2010,Tanner,9
WY,M,2010,Zachary,9
WY,M,2010,Brandon,8
WY,M,2010,Bryson,8
WY,M,2010,Cody,8
WY,M,2010,Colter,8
WY,M,2010,Dawson,8
WY,M,2010,Grant,8
WY,M,2010,Jason,8
WY,M,2010,Kaleb,8
WY,M,2010,Kayden,8
WY,M,2010,Matthew,8
WY,M,2010,Nathan,8
WY,M,2010,Nolan,8
WY,M,2010,Patrick,8
WY,M,2010,Richard,8
WY,M,2010,Ty,8
WY,M,2010,Weston,8
WY,M,2010,Xavier,8
WY,M,2010,Adam,7
WY,M,2010,Angel,7
WY,M,2010,Braden,7
WY,M,2010,Brady,7
WY,M,2010,Cesar,7
WY,M,2010,Damien,7
WY,M,2010,Justin,7
WY,M,2010,Kyle,7
WY,M,2010,Kyler,7
WY,M,2010,Marcus,7
WY,M,2010,Micah,7
WY,M,2010,Oliver,7
WY,M,2010,Porter,7
WY,M,2010,Talon,7
WY,M,2010,Asher,6
WY,M,2010,Ashton,6
WY,M,2010,Brian,6
WY,M,2010,Brock,6
WY,M,2010,Cade,6
WY,M,2010,Calvin,6
WY,M,2010,Deegan,6
WY,M,2010,Devin,6
WY,M,2010,Drake,6
WY,M,2010,Jasper,6
WY,M,2010,Joel,6
WY,M,2010,Jorge,6
WY,M,2010,Jose,6
WY,M,2010,Jude,6
WY,M,2010,Kenneth,6
WY,M,2010,Kevin,6
WY,M,2010,Levi,6
WY,M,2010,Luis,6
WY,M,2010,Mark,6
WY,M,2010,Peyton,6
WY,M,2010,Ryker,6
WY,M,2010,Seth,6
WY,M,2010,Skyler,6
WY,M,2010,Tucker,6
WY,M,2010,Aaron,5
WY,M,2010,Bentley,5
WY,M,2010,Caden,5
WY,M,2010,Cole,5
WY,M,2010,Damian,5
WY,M,2010,Desmond,5
WY,M,2010,Edward,5
WY,M,2010,Ezekiel,5
WY,M,2010,George,5
WY,M,2010,Grayson,5
WY,M,2010,Greyson,5
WY,M,2010,Hudson,5
WY,M,2010,Jack,5
WY,M,2010,Jax,5
WY,M,2010,Jaxson,5
WY,M,2010,Jeremiah,5
WY,M,2010,Jesse,5
WY,M,2010,Jonah,5
WY,M,2010,Josiah,5
WY,M,2010,Juan,5
WY,M,2010,Julian,5
WY,M,2010,Julius,5
WY,M,2010,Keegan,5
WY,M,2010,Landen,5
WY,M,2010,Lukas,5
WY,M,2010,Malachi,5
WY,M,2010,Morgan,5
WY,M,2010,Payton,5
WY,M,2010,Quentin,5
WY,M,2010,Sawyer,5
WY,M,2010,Sean,5
WY,M,2010,Sebastian,5
WY,M,2010,Teegan,5
WY,M,2010,Travis,5
WY,M,2010,Trenton,5
WY,M,2010,Trevor,5
WY,M,2010,Troy,5
WY,M,2010,Tyson,5
WY,M,2011,William,32
WY,M,2011,Jacob,30
WY,M,2011,Jackson,27
WY,M,2011,Liam,27
WY,M,2011,Parker,27
WY,M,2011,Mason,26
WY,M,2011,Gabriel,25
WY,M,2011,James,23
WY,M,2011,Logan,23
WY,M,2011,Noah,23
WY,M,2011,Joshua,22
WY,M,2011,Wyatt,22
WY,M,2011,Hunter,21
WY,M,2011,John,21
WY,M,2011,Lucas,21
WY,M,2011,Michael,21
WY,M,2011,Aiden,20
WY,M,2011,Carter,20
WY,M,2011,Austin,19
WY,M,2011,Brayden,19
WY,M,2011,Christopher,19
WY,M,2011,David,19
WY,M,2011,Blake,18
WY,M,2011,Eli,18
WY,M,2011,Elijah,18
WY,M,2011,Ryan,18
WY,M,2011,Alexander,17
WY,M,2011,Benjamin,17
WY,M,2011,Connor,17
WY,M,2011,Levi,17
WY,M,2011,Braxton,16
WY,M,2011,Cooper,16
WY,M,2011,Nathan,16
WY,M,2011,Tyler,16
WY,M,2011,Brody,15
WY,M,2011,Caleb,15
WY,M,2011,Cameron,15
WY,M,2011,Carson,15
WY,M,2011,Chase,15
WY,M,2011,Isaac,15
WY,M,2011,Jack,15
WY,M,2011,Landon,15
WY,M,2011,Owen,15
WY,M,2011,Samuel,15
WY,M,2011,Tucker,15
WY,M,2011,Anthony,14
WY,M,2011,Bentley,14
WY,M,2011,Colton,14
WY,M,2011,Jaxon,14
WY,M,2011,Joseph,14
WY,M,2011,Xavier,14
WY,M,2011,Andrew,13
WY,M,2011,Dominic,13
WY,M,2011,Gavin,13
WY,M,2011,Hayden,13
WY,M,2011,Kaleb,13
WY,M,2011,Thomas,13
WY,M,2011,Daniel,12
WY,M,2011,Jonathan,12
WY,M,2011,Lane,12
WY,M,2011,Luke,12
WY,M,2011,Matthew,12
WY,M,2011,Riley,12
WY,M,2011,Tristan,12
WY,M,2011,Aaron,11
WY,M,2011,Ayden,11
WY,M,2011,Ethan,11
WY,M,2011,Justin,11
WY,M,2011,Rylan,11
WY,M,2011,Ty,11
WY,M,2011,Corbin,10
WY,M,2011,Easton,10
WY,M,2011,Hudson,10
WY,M,2011,Jayden,10
WY,M,2011,Jose,10
WY,M,2011,Julian,10
WY,M,2011,Max,10
WY,M,2011,Nolan,10
WY,M,2011,Vincent,10
WY,M,2011,Alex,9
WY,M,2011,Camden,9
WY,M,2011,Clayton,9
WY,M,2011,Dylan,9
WY,M,2011,Evan,9
WY,M,2011,Garrett,9
WY,M,2011,Ian,9
WY,M,2011,Kyler,9
WY,M,2011,Nicholas,9
WY,M,2011,Ryker,9
WY,M,2011,Asher,8
WY,M,2011,Dawson,8
WY,M,2011,Jace,8
WY,M,2011,Jesse,8
WY,M,2011,Micah,8
WY,M,2011,Oliver,8
WY,M,2011,Paxton,8
WY,M,2011,Robert,8
WY,M,2011,Silas,8
WY,M,2011,Theodore,8
WY,M,2011,Xander,8
WY,M,2011,Zachary,8
WY,M,2011,Angel,7
WY,M,2011,Ashton,7
WY,M,2011,Brandon,7
WY,M,2011,Brecken,7
WY,M,2011,Brenden,7
WY,M,2011,Christian,7
WY,M,2011,Cody,7
WY,M,2011,Gage,7
WY,M,2011,Grayson,7
WY,M,2011,Jason,7
WY,M,2011,Jeremiah,7
WY,M,2011,Jordan,7
WY,M,2011,Kevin,7
WY,M,2011,Lincoln,7
WY,M,2011,Maximus,7
WY,M,2011,Miles,7
WY,M,2011,Nicolas,7
WY,M,2011,Ryder,7
WY,M,2011,Tanner,7
WY,M,2011,Trenton,7
WY,M,2011,Weston,7
WY,M,2011,Adam,6
WY,M,2011,Antonio,6
WY,M,2011,Charles,6
WY,M,2011,Colin,6
WY,M,2011,Declan,6
WY,M,2011,Isaiah,6
WY,M,2011,Jesus,6
WY,M,2011,Kade,6
WY,M,2011,Karter,6
WY,M,2011,Landen,6
WY,M,2011,Landyn,6
WY,M,2011,Luis,6
WY,M,2011,Marshall,6
WY,M,2011,Preston,6
WY,M,2011,Timothy,6
WY,M,2011,Wesley,6
WY,M,2011,Zander,6
WY,M,2011,Alan,5
WY,M,2011,Bridger,5
WY,M,2011,Carlos,5
WY,M,2011,Cayden,5
WY,M,2011,Chance,5
WY,M,2011,Colby,5
WY,M,2011,Colter,5
WY,M,2011,Cristian,5
WY,M,2011,Elias,5
WY,M,2011,Finn,5
WY,M,2011,Henry,5
WY,M,2011,Holden,5
WY,M,2011,Ivan,5
WY,M,2011,Jameson,5
WY,M,2011,Jax,5
WY,M,2011,Jett,5
WY,M,2011,Josiah,5
WY,M,2011,Kaden,5
WY,M,2011,Karson,5
WY,M,2011,Kason,5
WY,M,2011,Keegan,5
WY,M,2011,Kenneth,5
WY,M,2011,Nathaniel,5
WY,M,2011,Peyton,5
WY,M,2011,Talon,5
WY,M,2011,Tyson,5
WY,M,2011,Zayden,5
WY,M,2012,Liam,41
WY,M,2012,Mason,36
WY,M,2012,Logan,34
WY,M,2012,William,33
WY,M,2012,Wyatt,29
WY,M,2012,Hunter,28
WY,M,2012,Jacob,28
WY,M,2012,Levi,28
WY,M,2012,Owen,28
WY,M,2012,Carter,27
WY,M,2012,Ethan,26
WY,M,2012,Isaac,25
WY,M,2012,Jaxon,25
WY,M,2012,Noah,25
WY,M,2012,Jace,23
WY,M,2012,Braxton,22
WY,M,2012,Connor,22
WY,M,2012,Landon,22
WY,M,2012,Gavin,21
WY,M,2012,Michael,21
WY,M,2012,Aiden,20
WY,M,2012,Benjamin,20
WY,M,2012,Andrew,19
WY,M,2012,Jackson,19
WY,M,2012,Joshua,19
WY,M,2012,Cooper,18
WY,M,2012,Caleb,17
WY,M,2012,Eli,17
WY,M,2012,Samuel,17
WY,M,2012,Brayden,16
WY,M,2012,Jack,16
WY,M,2012,John,16
WY,M,2012,Ryan,16
WY,M,2012,Alexander,15
WY,M,2012,Chase,15
WY,M,2012,Elijah,15
WY,M,2012,Henry,15
WY,M,2012,Lucas,15
WY,M,2012,Matthew,15
WY,M,2012,Ayden,14
WY,M,2012,Charles,14
WY,M,2012,Gabriel,14
WY,M,2012,Jonathan,14
WY,M,2012,Luke,14
WY,M,2012,Parker,14
WY,M,2012,Tanner,14
WY,M,2012,Tyler,14
WY,M,2012,Bridger,13
WY,M,2012,Brody,13
WY,M,2012,David,13
WY,M,2012,Dylan,13
WY,M,2012,Easton,13
WY,M,2012,Evan,13
WY,M,2012,James,13
WY,M,2012,Bentley,12
WY,M,2012,Carson,12
WY,M,2012,Daniel,12
WY,M,2012,Joseph,12
WY,M,2012,Oliver,12
WY,M,2012,Austin,11
WY,M,2012,Christian,11
WY,M,2012,Christopher,11
WY,M,2012,Ezekiel,11
WY,M,2012,Jordan,11
WY,M,2012,Kaden,11
WY,M,2012,Kaleb,11
WY,M,2012,Robert,11
WY,M,2012,Trenton,11
WY,M,2012,Vincent,11
WY,M,2012,Weston,11
WY,M,2012,Aaron,10
WY,M,2012,Colton,10
WY,M,2012,Garrett,10
WY,M,2012,Isaiah,10
WY,M,2012,Lincoln,10
WY,M,2012,Preston,10
WY,M,2012,Sawyer,10
WY,M,2012,Silas,10
WY,M,2012,Tyson,10
WY,M,2012,Zane,10
WY,M,2012,Anthony,9
WY,M,2012,Blake,9
WY,M,2012,Cody,9
WY,M,2012,Jason,9
WY,M,2012,Jayden,9
WY,M,2012,Jesse,9
WY,M,2012,Ryder,9
WY,M,2012,Travis,9
WY,M,2012,Declan,8
WY,M,2012,Eric,8
WY,M,2012,Ezra,8
WY,M,2012,Gage,8
WY,M,2012,Greyson,8
WY,M,2012,Hudson,8
WY,M,2012,Ian,8
WY,M,2012,Jeremiah,8
WY,M,2012,Kayden,8
WY,M,2012,Lane,8
WY,M,2012,Nathan,8
WY,M,2012,Paxton,8
WY,M,2012,Riley,8
WY,M,2012,Sebastian,8
WY,M,2012,Thomas,8
WY,M,2012,Tristan,8
WY,M,2012,Tucker,8
WY,M,2012,Abel,7
WY,M,2012,Asher,7
WY,M,2012,Ashton,7
WY,M,2012,Bryce,7
WY,M,2012,Caden,7
WY,M,2012,Cameron,7
WY,M,2012,Derek,7
WY,M,2012,Dominic,7
WY,M,2012,Gunner,7
WY,M,2012,Jude,7
WY,M,2012,Justin,7
WY,M,2012,Kenneth,7
WY,M,2012,Marcus,7
WY,M,2012,Micah,7
WY,M,2012,Nathaniel,7
WY,M,2012,Ryker,7
WY,M,2012,Rylan,7
WY,M,2012,Shawn,7
WY,M,2012,Xander,7
WY,M,2012,Zachary,7
WY,M,2012,Adrian,6
WY,M,2012,August,6
WY,M,2012,Beckett,6
WY,M,2012,Brady,6
WY,M,2012,Bryson,6
WY,M,2012,Carlos,6
WY,M,2012,Dalton,6
WY,M,2012,Damien,6
WY,M,2012,Grady,6
WY,M,2012,Harrison,6
WY,M,2012,Hayden,6
WY,M,2012,Jonah,6
WY,M,2012,Julian,6
WY,M,2012,Kyler,6
WY,M,2012,Myles,6
WY,M,2012,Nicholas,6
WY,M,2012,Nolan,6
WY,M,2012,Skyler,6
WY,M,2012,Trevor,6
WY,M,2012,Xavier,6
WY,M,2012,Calvin,5
WY,M,2012,Clayton,5
WY,M,2012,Cole,5
WY,M,2012,Corbin,5
WY,M,2012,Cruz,5
WY,M,2012,Elias,5
WY,M,2012,Emilio,5
WY,M,2012,Grayson,5
WY,M,2012,Jasper,5
WY,M,2012,Javier,5
WY,M,2012,Jaxson,5
WY,M,2012,Josiah,5
WY,M,2012,Kaiden,5
WY,M,2012,Kellen,5
WY,M,2012,Lukas,5
WY,M,2012,Steven,5
WY,M,2012,Theodore,5
WY,M,2012,Zayne,5
WY,M,2013,Liam,33
WY,M,2013,Wyatt,33
WY,M,2013,Carter,31
WY,M,2013,Hunter,30
WY,M,2013,Mason,29
WY,M,2013,Noah,29
WY,M,2013,Jace,26
WY,M,2013,William,26
WY,M,2013,Elijah,25
WY,M,2013,Brody,23
WY,M,2013,Logan,23
WY,M,2013,Owen,23
WY,M,2013,Ryker,23
WY,M,2013,Aiden,22
WY,M,2013,Landon,22
WY,M,2013,Michael,22
WY,M,2013,Ethan,21
WY,M,2013,James,21
WY,M,2013,Lucas,21
WY,M,2013,Daniel,20
WY,M,2013,Jacob,20
WY,M,2013,Jackson,19
WY,M,2013,Benjamin,18
WY,M,2013,Brayden,18
WY,M,2013,Gabriel,18
WY,M,2013,Isaac,18
WY,M,2013,Caleb,17
WY,M,2013,David,17
WY,M,2013,Henry,17
WY,M,2013,Jack,17
WY,M,2013,Jaxon,17
WY,M,2013,Luke,17
WY,M,2013,Cooper,16
WY,M,2013,Hudson,16
WY,M,2013,John,16
WY,M,2013,Joshua,16
WY,M,2013,Tucker,16
WY,M,2013,Alexander,15
WY,M,2013,Colton,15
WY,M,2013,Connor,15
WY,M,2013,Easton,15
WY,M,2013,Joseph,15
WY,M,2013,Levi,15
WY,M,2013,Samuel,15
WY,M,2013,Andrew,14
WY,M,2013,Bentley,14
WY,M,2013,Eli,14
WY,M,2013,Gage,14
WY,M,2013,Grayson,14
WY,M,2013,Matthew,14
WY,M,2013,Nathan,14
WY,M,2013,Sawyer,14
WY,M,2013,Thomas,14
WY,M,2013,Weston,14
WY,M,2013,Carson,13
WY,M,2013,Chance,13
WY,M,2013,Charles,13
WY,M,2013,Christopher,13
WY,M,2013,Gavin,13
WY,M,2013,Jax,13
WY,M,2013,Parker,13
WY,M,2013,Ryder,13
WY,M,2013,Chase,12
WY,M,2013,Jayden,12
WY,M,2013,Julian,12
WY,M,2013,Paxton,12
WY,M,2013,Tyler,12
WY,M,2013,Adrian,11
WY,M,2013,Jonathan,11
WY,M,2013,Lincoln,11
WY,M,2013,Oliver,11
WY,M,2013,Asher,10
WY,M,2013,Ayden,10
WY,M,2013,Elias,10
WY,M,2013,Robert,10
WY,M,2013,Braxton,9
WY,M,2013,Bridger,9
WY,M,2013,Dominic,9
WY,M,2013,Jordan,9
WY,M,2013,Josiah,9
WY,M,2013,Kayden,9
WY,M,2013,Micah,9
WY,M,2013,Nicholas,9
WY,M,2013,Tristan,9
WY,M,2013,Zachary,9
WY,M,2013,Blake,8
WY,M,2013,Bryce,8
WY,M,2013,Bryson,8
WY,M,2013,Camden,8
WY,M,2013,Colter,8
WY,M,2013,Drake,8
WY,M,2013,Dylan,8
WY,M,2013,Ezra,8
WY,M,2013,Hayden,8
WY,M,2013,Jaden,8
WY,M,2013,Jase,8
WY,M,2013,Jeremiah,8
WY,M,2013,Luis,8
WY,M,2013,Sebastian,8
WY,M,2013,Seth,8
WY,M,2013,Tanner,8
WY,M,2013,Timothy,8
WY,M,2013,Vincent,8
WY,M,2013,Anthony,7
WY,M,2013,Barrett,7
WY,M,2013,Beau,7
WY,M,2013,Cameron,7
WY,M,2013,Corbin,7
WY,M,2013,Evan,7
WY,M,2013,Gunner,7
WY,M,2013,Ian,7
WY,M,2013,Jared,7
WY,M,2013,Jasper,7
WY,M,2013,Kaiden,7
WY,M,2013,Karson,7
WY,M,2013,Leo,7
WY,M,2013,Nathaniel,7
WY,M,2013,Richard,7
WY,M,2013,Riley,7
WY,M,2013,Ryan,7
WY,M,2013,Silas,7
WY,M,2013,Abel,6
WY,M,2013,Austin,6
WY,M,2013,Brandon,6
WY,M,2013,Brantley,6
WY,M,2013,Calvin,6
WY,M,2013,Cody,6
WY,M,2013,Ezekiel,6
WY,M,2013,Finn,6
WY,M,2013,Grady,6
WY,M,2013,Grant,6
WY,M,2013,Isaiah,6
WY,M,2013,Jaxson,6
WY,M,2013,Jett,6
WY,M,2013,Johnathan,6
WY,M,2013,Jose,6
WY,M,2013,Justin,6
WY,M,2013,Kade,6
WY,M,2013,Keegan,6
WY,M,2013,Kyler,6
WY,M,2013,Lukas,6
WY,M,2013,Miles,6
WY,M,2013,Nolan,6
WY,M,2013,Preston,6
WY,M,2013,Reed,6
WY,M,2013,Santiago,6
WY,M,2013,Titus,6
WY,M,2013,Wesley,6
WY,M,2013,Zane,6
WY,M,2013,Aaron,5
WY,M,2013,Brian,5
WY,M,2013,Brodie,5
WY,M,2013,Christian,5
WY,M,2013,Colby,5
WY,M,2013,Cruz,5
WY,M,2013,Cyrus,5
WY,M,2013,Dakota,5
WY,M,2013,Dalton,5
WY,M,2013,Damian,5
WY,M,2013,Declan,5
WY,M,2013,Dexter,5
WY,M,2013,Dominick,5
WY,M,2013,Emmett,5
WY,M,2013,Jesse,5
WY,M,2013,Jonah,5
WY,M,2013,Jude,5
WY,M,2013,Kaden,5
WY,M,2013,Kaleb,5
WY,M,2013,Kasen,5
WY,M,2013,Kellan,5
WY,M,2013,Marcus,5
WY,M,2013,Mark,5
WY,M,2013,Max,5
WY,M,2013,Maximus,5
WY,M,2013,Paul,5
WY,M,2013,Peter,5
WY,M,2013,Porter,5
WY,M,2013,Tyson,5
WY,M,2013,Waylon,5
WY,M,2014,Jackson,34
WY,M,2014,Mason,31
WY,M,2014,Liam,30
WY,M,2014,William,30
WY,M,2014,Wyatt,30
WY,M,2014,Logan,27
WY,M,2014,James,26
WY,M,2014,Benjamin,25
WY,M,2014,Gabriel,24
WY,M,2014,Hunter,23
WY,M,2014,Owen,23
WY,M,2014,Ryker,23
WY,M,2014,Aiden,22
WY,M,2014,David,22
WY,M,2014,Henry,22
WY,M,2014,Samuel,22
WY,M,2014,Andrew,21
WY,M,2014,Braxton,20
WY,M,2014,Alexander,19
WY,M,2014,Cooper,19
WY,M,2014,Isaac,19
WY,M,2014,Jace,19
WY,M,2014,Landon,19
WY,M,2014,Lincoln,19
WY,M,2014,Noah,19
WY,M,2014,Bentley,18
WY,M,2014,Ethan,18
WY,M,2014,Elijah,17
WY,M,2014,Jaxon,17
WY,M,2014,Joseph,17
WY,M,2014,Joshua,17
WY,M,2014,Luke,17
WY,M,2014,Robert,17
WY,M,2014,Ryder,17
WY,M,2014,Anthony,16
WY,M,2014,Carson,16
WY,M,2014,Eli,16
WY,M,2014,Jack,16
WY,M,2014,Jeremiah,16
WY,M,2014,Michael,16
WY,M,2014,Asher,15
WY,M,2014,Brayden,15
WY,M,2014,Easton,15
WY,M,2014,Grayson,15
WY,M,2014,Lucas,15
WY,M,2014,Weston,15
WY,M,2014,Oliver,14
WY,M,2014,Carter,13
WY,M,2014,Jacob,13
WY,M,2014,Levi,13
WY,M,2014,Parker,13
WY,M,2014,Blake,12
WY,M,2014,Caleb,12
WY,M,2014,Colton,12
WY,M,2014,Connor,12
WY,M,2014,Daniel,12
WY,M,2014,Kyler,12
WY,M,2014,Matthew,12
WY,M,2014,Nicholas,12
WY,M,2014,Riley,12
WY,M,2014,Xavier,12
WY,M,2014,Bridger,11
WY,M,2014,Christopher,11
WY,M,2014,Corbin,11
WY,M,2014,Gavin,11
WY,M,2014,Greyson,11
WY,M,2014,Isaiah,11
WY,M,2014,Charles,10
WY,M,2014,Hudson,10
WY,M,2014,Jaxson,10
WY,M,2014,Jayden,10
WY,M,2014,Jonathan,10
WY,M,2014,Kayden,10
WY,M,2014,Micah,10
WY,M,2014,Sawyer,10
WY,M,2014,Tucker,10
WY,M,2014,Wesley,10
WY,M,2014,Xander,10
WY,M,2014,Abel,9
WY,M,2014,Adam,9
WY,M,2014,Archer,9
WY,M,2014,Bradley,9
WY,M,2014,Dominic,9
WY,M,2014,Emmett,9
WY,M,2014,Lane,9
WY,M,2014,Roman,9
WY,M,2014,Rylan,9
WY,M,2014,Zachary,9
WY,M,2014,Austin,8
WY,M,2014,Brantley,8
WY,M,2014,Conner,8
WY,M,2014,Damien,8
WY,M,2014,Declan,8
WY,M,2014,Dylan,8
WY,M,2014,Garrett,8
WY,M,2014,Jax,8
WY,M,2014,Jesse,8
WY,M,2014,Josiah,8
WY,M,2014,Kaden,8
WY,M,2014,Silas,8
WY,M,2014,Tanner,8
WY,M,2014,Theodore,8
WY,M,2014,Aaron,7
WY,M,2014,Cole,7
WY,M,2014,Daxton,7
WY,M,2014,Dean,7
WY,M,2014,Evan,7
WY,M,2014,Ian,7
WY,M,2014,Jason,7
WY,M,2014,John,7
WY,M,2014,Jordan,7
WY,M,2014,Jude,7
WY,M,2014,Julian,7
WY,M,2014,Kade,7
WY,M,2014,Keaton,7
WY,M,2014,Leo,7
WY,M,2014,Max,7
WY,M,2014,Miles,7
WY,M,2014,Nathan,7
WY,M,2014,Porter,7
WY,M,2014,Preston,7
WY,M,2014,Sebastian,7
WY,M,2014,Timothy,7
WY,M,2014,Tristan,7
WY,M,2014,Zander,7
WY,M,2014,Alejandro,6
WY,M,2014,Atticus,6
WY,M,2014,Avery,6
WY,M,2014,Ayden,6
WY,M,2014,Bennett,6
WY,M,2014,Caden,6
WY,M,2014,Camden,6
WY,M,2014,Cayden,6
WY,M,2014,Christian,6
WY,M,2014,Everett,6
WY,M,2014,Finn,6
WY,M,2014,Graham,6
WY,M,2014,Griffin,6
WY,M,2014,Gunner,6
WY,M,2014,Jameson,6
WY,M,2014,Jase,6
WY,M,2014,Korbyn,6
WY,M,2014,Maxwell,6
WY,M,2014,Oakley,6
WY,M,2014,Remington,6
WY,M,2014,Richard,6
WY,M,2014,Ryan,6
WY,M,2014,Simon,6
WY,M,2014,Trenton,6
WY,M,2014,Adrian,5
WY,M,2014,Beau,5
WY,M,2014,Brandon,5
WY,M,2014,Brody,5
WY,M,2014,Brooks,5
WY,M,2014,Calvin,5
WY,M,2014,Cameron,5
WY,M,2014,Dalton,5
WY,M,2014,Dawson,5
WY,M,2014,Edward,5
WY,M,2014,Elias,5
WY,M,2014,Gage,5
WY,M,2014,Hayden,5
WY,M,2014,Jasper,5
WY,M,2014,Jose,5
WY,M,2014,Kaiden,5
WY,M,2014,Kaleb,5
WY,M,2014,Kasen,5
WY,M,2014,Kyson,5
WY,M,2014,Lukas,5
WY,M,2014,Myles,5
WY,M,2014,Nathaniel,5
WY,M,2014,Nolan,5
WY,M,2014,Odin,5
WY,M,2014,Paxton,5
WY,M,2014,Raymond,5
WY,M,2014,Rowan,5
WY,M,2014,Seth,5
WY,M,2014,Spencer,5
WY,M,2014,Stetson,5
WY,M,2014,Tyce,5
WY,M,2014,Victor,5
WY,M,2014,Waylon,5
WY,M,2015,Liam,38
WY,M,2015,Mason,37
WY,M,2015,Benjamin,29
WY,M,2015,Wyatt,29
WY,M,2015,Luke,28
WY,M,2015,Noah,26
WY,M,2015,Logan,25
WY,M,2015,Jaxon,23
WY,M,2015,Ryker,23
WY,M,2015,Carter,22
WY,M,2015,Isaac,22
WY,M,2015,Samuel,22
WY,M,2015,Jace,21
WY,M,2015,Oliver,21
WY,M,2015,Alexander,20
WY,M,2015,Henry,20
WY,M,2015,Cooper,19
WY,M,2015,Hunter,19
WY,M,2015,William,19
WY,M,2015,Charles,18
WY,M,2015,Elijah,18
WY,M,2015,Hudson,18
WY,M,2015,Jackson,18
WY,M,2015,Jacob,18
WY,M,2015,Landon,18
WY,M,2015,Levi,18
WY,M,2015,Owen,18
WY,M,2015,Aiden,17
WY,M,2015,Asher,17
WY,M,2015,Camden,17
WY,M,2015,Gavin,17
WY,M,2015,James,17
WY,M,2015,Jaxson,17
WY,M,2015,Lincoln,17
WY,M,2015,Lucas,17
WY,M,2015,Parker,17
WY,M,2015,Sawyer,17
WY,M,2015,Anthony,16
WY,M,2015,Beau,16
WY,M,2015,Brody,16
WY,M,2015,Ethan,16
WY,M,2015,Caleb,15
WY,M,2015,Easton,15
WY,M,2015,Joseph,15
WY,M,2015,Matthew,15
WY,M,2015,Michael,14
WY,M,2015,Nathan,14
WY,M,2015,Paxton,14
WY,M,2015,Abel,13
WY,M,2015,Blake,13
WY,M,2015,Brantley,13
WY,M,2015,Christopher,13
WY,M,2015,Jayden,13
WY,M,2015,Andrew,12
WY,M,2015,Brayden,12
WY,M,2015,Chase,12
WY,M,2015,Christian,12
WY,M,2015,Connor,12
WY,M,2015,Daniel,12
WY,M,2015,Dawson,12
WY,M,2015,Eli,12
WY,M,2015,Grayson,12
WY,M,2015,Jack,12
WY,M,2015,Joshua,12
WY,M,2015,Bentley,11
WY,M,2015,Maddox,11
WY,M,2015,Ryder,11
WY,M,2015,Tucker,11
WY,M,2015,Weston,11
WY,M,2015,Xavier,11
WY,M,2015,Colton,10
WY,M,2015,Elias,10
WY,M,2015,Emmett,10
WY,M,2015,Evan,10
WY,M,2015,Ezra,10
WY,M,2015,Gabriel,10
WY,M,2015,Grady,10
WY,M,2015,John,10
WY,M,2015,Silas,10
WY,M,2015,Thomas,10
WY,M,2015,Aaron,9
WY,M,2015,Bradley,9
WY,M,2015,Braxton,9
WY,M,2015,Corbin,9
WY,M,2015,Declan,9
WY,M,2015,Dylan,9
WY,M,2015,Isaiah,9
WY,M,2015,Josiah,9
WY,M,2015,Julian,9
WY,M,2015,Kyle,9
WY,M,2015,Nolan,9
WY,M,2015,Robert,9
WY,M,2015,Roman,9
WY,M,2015,Timothy,9
WY,M,2015,Wesley,9
WY,M,2015,Barrett,8
WY,M,2015,Bridger,8
WY,M,2015,David,8
WY,M,2015,Everett,8
WY,M,2015,Gunnar,8
WY,M,2015,Ian,8
WY,M,2015,Jason,8
WY,M,2015,Jeremiah,8
WY,M,2015,Jonathan,8
WY,M,2015,Kaleb,8
WY,M,2015,Kevin,8
WY,M,2015,Rhett,8
WY,M,2015,Riley,8
WY,M,2015,Archer,7
WY,M,2015,Axel,7
WY,M,2015,Beckett,7
WY,M,2015,Calvin,7
WY,M,2015,Carson,7
WY,M,2015,Graham,7
WY,M,2015,Greyson,7
WY,M,2015,Hayden,7
WY,M,2015,Jameson,7
WY,M,2015,Jaxton,7
WY,M,2015,Jesse,7
WY,M,2015,Jonah,7
WY,M,2015,Juan,7
WY,M,2015,Jude,7
WY,M,2015,Kayden,7
WY,M,2015,Kyler,7
WY,M,2015,Lukas,7
WY,M,2015,Odin,7
WY,M,2015,Theodore,7
WY,M,2015,Adam,6
WY,M,2015,Bryce,6
WY,M,2015,Clayton,6
WY,M,2015,Collin,6
WY,M,2015,Conner,6
WY,M,2015,Daxton,6
WY,M,2015,Dominic,6
WY,M,2015,Ezekiel,6
WY,M,2015,Gage,6
WY,M,2015,George,6
WY,M,2015,Jax,6
WY,M,2015,Jayce,6
WY,M,2015,Jose,6
WY,M,2015,Justin,6
WY,M,2015,Kaden,6
WY,M,2015,Kai,6
WY,M,2015,Knox,6
WY,M,2015,Lane,6
WY,M,2015,Leo,6
WY,M,2015,Max,6
WY,M,2015,Nixon,6
WY,M,2015,Sebastian,6
WY,M,2015,Seth,6
WY,M,2015,Shane,6
WY,M,2015,Spencer,6
WY,M,2015,Tyler,6
WY,M,2015,Vincent,6
WY,M,2015,Waylon,6
WY,M,2015,Zander,6
WY,M,2015,Zane,6
WY,M,2015,Zayden,6
WY,M,2015,Adrian,5
WY,M,2015,Angel,5
WY,M,2015,Augustus,5
WY,M,2015,Austin,5
WY,M,2015,Bennett,5
WY,M,2015,Blaze,5
WY,M,2015,Brooks,5
WY,M,2015,Brycen,5
WY,M,2015,Cash,5
WY,M,2015,Dillon,5
WY,M,2015,Finley,5
WY,M,2015,Finn,5
WY,M,2015,Garrett,5
WY,M,2015,Jasper,5
WY,M,2015,Jordan,5
WY,M,2015,Landen,5
WY,M,2015,Manuel,5
WY,M,2015,Miles,5
WY,M,2015,Nathaniel,5
WY,M,2015,Nicholas,5
WY,M,2015,Orion,5
WY,M,2015,Peyton,5
WY,M,2015,Ronan,5
WY,M,2015,Russell,5
WY,M,2015,Sterling,5
WY,M,2015,Steven,5
WY,M,2015,Trace,5
WY,M,2015,Tristan,5
WY,M,2015,Tyson,5
